assessment_id,enroll_id,score,completion_date,feedback
1,1,48.5,2025-04-24,Poor
2,5,76.2,2024-12-29,Average
3,6,51.2,2025-04-27,Average
4,7,45.8,2025-05-15,Average
5,8,67.5,2025-06-07,Good
6,11,78.5,2024-12-28,Poor
7,12,40.9,2025-02-18,Poor
8,16,91.0,2024-09-12,Good
9,17,42.8,2025-04-30,Average
10,21,65.1,2025-02-04,Average
11,22,42.7,2025-02-03,Poor
12,24,63.6,2025-02-22,Poor
13,28,78.0,2025-01-06,Good
14,30,43.9,2025-07-18,Good
15,32,61.3,2025-05-06,Good
16,34,96.7,2025-03-08,Average
17,35,66.3,2025-01-13,Good
18,38,72.3,2025-03-10,Average
19,39,77.7,2025-05-17,Average
20,41,98.9,2025-05-25,Good
21,42,60.0,2024-11-11,Good
22,43,79.8,2024-12-29,Good
23,44,68.6,2025-07-27,Good
24,45,80.3,2025-01-12,Average
25,46,87.2,2025-03-25,Good
26,51,47.3,2025-01-10,Average
27,52,75.6,2025-05-23,Average
28,55,47.0,2025-07-10,Good
29,57,80.4,2025-04-01,Poor
30,58,93.9,2024-12-21,Good
31,60,82.5,2025-06-03,Average
32,61,89.6,2024-12-02,Good
33,62,74.8,2024-12-23,Good
34,65,63.5,2025-08-05,Good
35,66,47.5,2024-11-17,Average
36,67,57.6,2024-09-14,Good
37,69,54.4,2025-08-15,Average
38,70,75.9,2025-04-11,Poor
39,72,62.9,2024-10-29,Good
40,73,55.9,2025-02-16,Good
41,75,94.3,2025-03-25,Poor
42,77,49.0,2025-07-27,Average
43,80,86.6,2025-06-30,Good
44,82,51.2,2025-02-13,Average
45,87,51.7,2024-11-03,Good
46,89,48.7,2024-10-05,Poor
47,90,77.2,2024-10-20,Poor
48,91,98.2,2025-05-22,Poor
49,92,83.1,2024-10-03,Poor
50,93,89.4,2025-08-10,Poor
51,94,67.4,2025-05-20,Poor
52,95,50.9,2025-05-07,Good
53,97,96.8,2025-04-25,Poor
54,100,59.0,2025-07-28,Good
55,104,79.9,2025-07-21,Poor
56,105,93.1,2025-03-17,Poor
57,106,67.4,2025-03-10,Poor
58,109,48.9,2025-01-31,Good
59,110,58.0,2025-04-03,Poor
60,115,79.6,2025-07-23,Poor
61,116,46.8,2024-10-22,Average
62,117,48.8,2025-02-01,Poor
63,118,50.1,2025-06-22,Poor
64,120,40.3,2025-06-08,Good
65,122,47.5,2025-04-05,Poor
66,124,77.6,2025-08-13,Poor
67,125,78.5,2025-06-14,Good
68,126,81.6,2024-09-21,Good
69,130,77.5,2025-05-13,Poor
70,133,41.3,2025-02-14,Poor
71,134,65.7,2025-08-10,Poor
72,135,81.9,2025-05-23,Good
73,136,93.4,2025-08-24,Average
74,137,56.3,2024-09-06,Good
75,138,43.9,2025-08-26,Average
76,139,90.9,2025-05-04,Good
77,142,47.3,2024-12-24,Poor
78,145,67.5,2024-08-31,Average
79,148,65.2,2025-05-29,Poor
80,151,49.9,2025-07-10,Good
81,152,79.7,2025-08-05,Poor
82,154,42.0,2025-07-04,Average
83,155,63.9,2024-10-07,Average
84,156,62.8,2025-01-22,Poor
85,157,69.0,2025-05-11,Good
86,158,50.7,2025-03-08,Good
87,161,58.1,2024-11-10,Good
88,165,43.7,2025-03-26,Average
89,166,78.5,2025-05-03,Poor
90,168,95.0,2025-02-16,Poor
91,171,99.3,2025-07-31,Good
92,175,87.1,2024-08-29,Poor
93,179,67.8,2025-01-20,Poor
94,181,99.8,2025-07-30,Good
95,182,90.1,2024-09-16,Poor
96,185,65.6,2024-12-03,Good
97,186,78.8,2024-09-26,Poor
98,188,52.3,2025-06-15,Good
99,192,75.6,2025-03-22,Good
100,194,62.4,2025-01-08,Average
101,196,99.0,2025-05-04,Average
102,198,83.6,2025-07-09,Poor
103,200,58.1,2025-07-27,Poor
104,201,93.3,2025-01-24,Good
105,203,45.8,2024-10-17,Good
106,204,98.6,2025-05-28,Good
107,206,57.3,2024-11-16,Poor
108,207,70.8,2025-04-08,Poor
109,210,68.3,2025-06-12,Average
110,211,66.1,2025-04-05,Poor
111,212,70.8,2025-03-05,Poor
112,214,99.8,2025-08-03,Poor
113,215,84.6,2025-07-12,Good
114,219,82.2,2024-11-07,Average
115,220,57.8,2025-04-15,Good
116,221,85.0,2025-05-31,Good
117,227,55.5,2025-06-25,Poor
118,228,77.4,2025-01-22,Poor
119,235,83.0,2024-11-02,Average
120,236,51.3,2025-01-25,Average
121,242,75.6,2025-02-04,Good
122,243,83.0,2024-11-18,Poor
123,247,85.9,2025-08-16,Average
124,248,61.8,2024-09-07,Poor
125,249,78.8,2025-04-20,Good
126,255,45.5,2024-09-29,Poor
127,258,83.5,2025-01-09,Poor
128,259,89.3,2025-01-21,Poor
129,261,41.7,2025-01-05,Average
130,262,96.6,2025-05-18,Good
131,263,73.0,2025-05-29,Poor
132,264,63.9,2025-03-18,Good
133,265,45.4,2025-01-30,Average
134,266,51.9,2025-04-24,Poor
135,267,86.5,2024-11-05,Average
136,268,63.8,2024-10-25,Poor
137,269,62.5,2025-02-05,Poor
138,270,69.5,2025-03-19,Average
139,272,87.1,2025-02-10,Good
140,274,64.3,2025-01-09,Good
141,275,59.4,2024-10-26,Good
142,277,84.3,2025-06-26,Average
143,278,71.6,2025-07-02,Poor
144,280,54.9,2024-11-21,Good
145,287,98.2,2025-08-17,Poor
146,290,63.6,2025-08-28,Poor
147,292,60.5,2025-06-24,Average
148,293,90.1,2025-02-19,Average
149,294,66.4,2024-10-06,Good
150,298,60.9,2025-05-22,Good
151,301,67.9,2024-11-21,Good
152,302,84.0,2025-02-25,Good
153,303,76.3,2025-08-19,Good
154,305,95.7,2025-07-07,Average
155,307,75.8,2025-01-07,Poor
156,310,95.1,2025-08-19,Poor
157,311,42.5,2025-03-13,Poor
158,312,85.0,2025-06-08,Poor
159,313,64.0,2025-01-02,Poor
160,314,42.0,2024-11-16,Poor
161,315,69.9,2024-09-26,Poor
162,317,46.1,2024-12-29,Good
163,320,77.2,2025-07-26,Good
164,321,76.3,2024-12-14,Poor
165,322,74.6,2025-01-10,Good
166,323,96.6,2025-05-31,Average
167,325,71.1,2025-02-22,Poor
168,329,91.2,2025-08-05,Good
169,330,79.6,2024-10-17,Poor
170,333,61.8,2025-03-17,Good
171,335,71.8,2025-02-07,Good
172,338,94.9,2024-11-08,Poor
173,339,81.0,2025-02-24,Average
174,340,72.1,2024-11-08,Good
175,341,48.7,2025-01-21,Poor
176,342,87.8,2025-02-17,Average
177,344,51.6,2024-09-26,Good
178,346,56.3,2024-11-24,Poor
179,347,84.4,2025-03-26,Poor
180,348,89.4,2025-05-27,Poor
181,349,87.8,2025-01-09,Good
182,351,97.9,2025-08-06,Good
183,353,57.9,2025-08-02,Good
184,354,45.1,2024-10-05,Poor
185,356,65.7,2024-12-25,Average
186,357,50.5,2025-08-02,Good
187,361,44.5,2025-02-18,Good
188,362,62.2,2025-03-09,Poor
189,364,98.3,2025-07-10,Average
190,365,91.8,2024-11-18,Poor
191,369,53.8,2025-01-29,Good
192,370,57.4,2025-06-28,Poor
193,371,63.1,2024-10-12,Poor
194,372,90.0,2024-09-17,Average
195,374,60.1,2024-10-25,Good
196,376,67.5,2025-03-14,Average
197,377,80.1,2024-09-27,Average
198,378,67.2,2025-04-06,Average
199,379,65.9,2024-12-19,Average
200,382,95.5,2025-07-13,Good
201,386,91.4,2025-01-25,Poor
202,387,46.7,2025-08-02,Average
203,389,98.1,2025-08-29,Average
204,391,40.1,2025-06-27,Good
205,393,84.4,2025-02-02,Good
206,394,72.6,2024-10-24,Good
207,395,94.8,2025-01-10,Poor
208,396,71.1,2024-11-05,Average
209,398,52.9,2024-12-22,Poor
210,403,60.7,2024-12-01,Good
211,405,41.6,2024-09-21,Average
212,407,90.2,2025-05-21,Poor
213,409,86.1,2025-01-29,Good
214,412,94.9,2025-07-25,Good
215,417,99.1,2025-08-01,Average
216,418,75.2,2025-02-02,Good
217,420,52.2,2025-08-07,Average
218,421,51.4,2024-10-12,Average
219,423,46.1,2025-02-04,Good
220,424,59.0,2024-10-03,Average
221,426,45.3,2025-05-17,Poor
222,428,88.8,2025-01-24,Average
223,429,72.7,2025-04-12,Average
224,431,95.9,2024-12-07,Poor
225,433,50.9,2025-02-02,Poor
226,435,40.5,2025-01-24,Average
227,437,43.9,2024-12-14,Average
228,441,59.9,2024-10-26,Poor
229,442,93.4,2024-11-08,Good
230,444,72.7,2025-05-07,Average
231,450,54.7,2025-07-08,Average
232,453,95.2,2025-05-13,Poor
233,454,66.7,2024-10-26,Average
234,457,79.1,2025-06-08,Good
235,459,81.3,2024-09-03,Good
236,460,52.1,2024-10-07,Poor
237,464,57.6,2025-05-20,Good
238,465,60.3,2025-01-04,Average
239,471,88.8,2024-10-01,Average
240,472,69.4,2024-09-22,Poor
241,473,71.4,2025-02-26,Poor
242,474,57.2,2025-06-16,Poor
243,476,91.4,2024-10-18,Average
244,479,56.7,2025-02-28,Good
245,480,100.0,2025-08-24,Good
246,482,66.2,2025-02-07,Good
247,488,48.9,2025-01-23,Good
248,489,45.6,2024-12-13,Good
249,492,61.6,2025-01-12,Poor
250,494,54.6,2025-07-07,Poor
251,495,58.2,2025-04-21,Good
252,497,63.1,2025-08-23,Poor
253,504,95.4,2024-09-13,Poor
254,505,96.9,2025-07-04,Average
255,507,48.6,2025-03-23,Good
256,509,78.2,2025-02-18,Poor
257,510,76.1,2024-11-03,Poor
258,511,46.2,2024-09-03,Good
259,513,71.4,2025-06-11,Poor
260,515,94.7,2025-03-04,Average
261,516,75.4,2024-09-04,Good
262,518,42.5,2025-05-29,Average
263,520,50.7,2024-11-06,Average
264,526,68.4,2025-02-16,Good
265,527,83.0,2025-01-21,Poor
266,528,86.3,2024-12-11,Good
267,530,71.4,2024-12-24,Average
268,531,55.2,2025-08-13,Good
269,534,76.7,2025-04-17,Good
270,536,80.9,2025-07-28,Good
271,539,45.5,2025-03-13,Average
272,540,60.1,2025-08-15,Poor
273,544,52.1,2025-04-13,Poor
274,545,53.6,2024-12-10,Average
275,546,83.4,2025-05-03,Poor
276,547,92.9,2024-09-12,Average
277,548,80.4,2025-04-21,Poor
278,549,79.8,2025-02-22,Average
279,555,56.9,2025-08-09,Poor
280,556,90.7,2025-05-06,Poor
281,558,93.6,2025-03-10,Good
282,559,93.6,2025-08-19,Good
283,562,70.0,2025-04-28,Poor
284,563,48.9,2025-06-11,Poor
285,564,63.9,2025-01-10,Poor
286,566,45.4,2025-08-11,Poor
287,569,99.9,2025-08-15,Average
288,570,82.3,2025-06-07,Poor
289,571,80.5,2025-07-16,Average
290,574,67.8,2025-06-07,Good
291,576,40.7,2025-03-14,Good
292,577,46.8,2025-01-22,Average
293,578,65.9,2024-09-02,Average
294,579,77.6,2025-03-14,Good
295,580,42.1,2025-01-11,Poor
296,581,64.3,2025-06-30,Average
297,582,71.1,2025-07-14,Average
298,583,79.3,2025-08-18,Good
299,585,50.0,2025-02-04,Good
300,586,53.0,2025-08-10,Average
301,587,81.1,2024-10-04,Average
302,588,78.9,2025-08-18,Good
303,589,50.4,2025-02-25,Poor
304,591,71.6,2025-03-21,Good
305,593,81.1,2025-02-22,Good
306,595,95.5,2025-06-27,Poor
307,598,42.3,2024-09-20,Poor
308,599,76.5,2024-12-13,Good
309,601,48.4,2024-12-25,Average
310,603,44.7,2024-10-17,Average
311,605,93.9,2024-09-15,Average
312,607,73.6,2025-03-10,Good
313,608,82.0,2024-11-27,Poor
314,609,51.4,2024-11-17,Average
315,612,75.8,2025-07-19,Good
316,613,64.9,2025-03-31,Poor
317,617,89.8,2024-10-12,Poor
318,619,98.0,2024-09-13,Average
319,620,93.5,2024-09-03,Poor
320,622,61.6,2025-04-03,Good
321,625,44.6,2024-11-26,Good
322,626,85.4,2025-03-16,Poor
323,627,60.4,2024-10-21,Good
324,628,87.6,2024-12-25,Average
325,629,99.3,2024-09-18,Good
326,631,73.2,2024-11-14,Average
327,632,74.7,2024-12-27,Poor
328,635,61.6,2024-11-24,Good
329,636,91.2,2025-03-03,Average
330,637,91.1,2025-01-21,Poor
331,639,75.7,2024-11-16,Poor
332,640,49.3,2024-10-29,Average
333,641,47.9,2024-09-16,Good
334,642,54.9,2025-07-02,Good
335,644,90.8,2025-03-05,Poor
336,646,53.1,2024-10-02,Good
337,647,64.2,2025-05-04,Poor
338,648,48.5,2025-02-22,Good
339,653,93.1,2024-09-13,Poor
340,654,51.1,2025-01-13,Poor
341,655,67.5,2025-05-31,Average
342,656,42.4,2025-02-28,Poor
343,657,41.6,2025-03-07,Average
344,659,95.3,2025-01-23,Average
345,661,72.0,2025-08-28,Good
346,662,43.5,2025-06-26,Poor
347,663,86.8,2024-10-25,Poor
348,664,70.0,2025-08-29,Poor
349,665,76.1,2024-11-08,Average
350,666,65.3,2024-09-10,Good
351,667,97.3,2025-05-03,Poor
352,668,87.4,2025-05-11,Poor
353,669,98.0,2024-10-15,Average
354,671,72.4,2025-03-01,Average
355,673,48.8,2025-02-08,Good
356,674,88.1,2025-07-26,Poor
357,677,79.3,2025-08-17,Poor
358,681,55.5,2025-05-10,Poor
359,682,96.0,2024-10-04,Poor
360,684,65.1,2025-07-17,Average
361,686,88.2,2025-03-07,Average
362,693,68.6,2025-05-19,Average
363,694,93.7,2024-09-28,Poor
364,695,93.3,2025-07-04,Average
365,696,43.4,2024-11-01,Good
366,697,81.0,2025-02-09,Average
367,698,61.2,2024-12-31,Poor
368,700,51.4,2025-03-01,Poor
369,701,63.8,2025-06-20,Poor
370,702,78.0,2025-05-08,Average
371,706,78.6,2024-09-27,Poor
372,707,94.7,2025-08-14,Good
373,709,61.9,2024-09-07,Good
374,710,79.2,2025-06-01,Average
375,715,93.8,2025-07-06,Good
376,716,89.7,2025-03-02,Good
377,717,52.5,2025-07-16,Poor
378,720,53.3,2025-05-11,Average
379,724,71.7,2025-04-01,Good
380,725,81.4,2025-03-08,Poor
381,726,60.1,2025-06-29,Average
382,730,80.0,2024-09-22,Good
383,731,66.7,2024-08-30,Poor
384,732,71.8,2025-01-26,Good
385,734,44.9,2025-04-01,Poor
386,735,89.1,2024-10-02,Average
387,736,87.3,2024-08-31,Poor
388,739,79.2,2025-05-19,Good
389,740,91.0,2025-01-09,Poor
390,742,46.0,2025-08-08,Average
391,744,82.8,2024-12-02,Good
392,746,71.9,2025-04-26,Good
393,747,49.6,2025-08-13,Poor
394,748,96.0,2024-09-29,Poor
395,749,70.1,2025-03-10,Poor
396,752,57.4,2025-04-13,Average
397,753,61.2,2025-02-08,Poor
398,755,79.5,2025-03-29,Average
399,756,81.9,2025-05-15,Good
400,759,95.2,2025-05-27,Good
401,760,69.3,2025-08-24,Good
402,763,97.7,2025-08-28,Poor
403,764,85.2,2025-08-21,Good
404,768,52.8,2025-01-09,Poor
405,769,68.5,2025-07-11,Poor
406,770,68.8,2025-08-03,Poor
407,771,61.4,2025-01-20,Good
408,772,79.8,2024-11-01,Poor
409,773,82.7,2024-09-03,Poor
410,774,91.7,2024-11-17,Poor
411,776,66.0,2025-02-23,Poor
412,777,62.2,2024-10-30,Average
413,778,81.1,2024-10-12,Poor
414,779,57.4,2024-10-07,Good
415,780,70.4,2025-06-26,Good
416,781,82.6,2024-11-17,Poor
417,782,50.6,2025-03-12,Poor
418,788,62.6,2025-02-21,Poor
419,789,41.6,2024-09-28,Average
420,790,49.7,2025-04-29,Average
421,793,74.4,2025-06-20,Poor
422,797,49.7,2025-06-08,Good
423,802,87.8,2024-09-20,Poor
424,803,62.8,2025-07-21,Good
425,804,93.0,2025-01-09,Average
426,805,52.5,2025-02-25,Average
427,807,47.2,2024-10-12,Good
428,808,70.7,2025-03-30,Good
429,810,47.2,2024-12-19,Good
430,811,48.3,2025-07-02,Poor
431,814,97.9,2025-08-06,Average
432,817,61.2,2025-05-04,Poor
433,821,65.8,2024-09-03,Good
434,822,81.5,2025-08-17,Poor
435,823,67.2,2025-01-03,Good
436,825,81.5,2025-04-01,Good
437,827,69.8,2025-06-09,Good
438,828,96.5,2024-12-28,Good
439,829,66.3,2024-09-06,Average
440,830,69.5,2025-03-19,Poor
441,831,42.4,2025-04-02,Poor
442,832,69.3,2025-01-02,Poor
443,836,53.7,2024-09-03,Average
444,838,72.6,2025-06-17,Poor
445,839,55.4,2025-08-22,Good
446,840,54.9,2024-11-06,Poor
447,841,80.9,2024-11-22,Poor
448,847,79.4,2024-09-15,Poor
449,849,51.3,2024-11-22,Poor
450,851,45.3,2024-09-24,Poor
451,852,79.9,2025-04-07,Poor
452,853,56.5,2024-10-28,Good
453,856,42.3,2025-08-16,Average
454,858,87.7,2024-10-04,Good
455,859,79.6,2024-09-16,Good
456,861,45.2,2025-04-26,Poor
457,864,75.2,2025-02-22,Average
458,865,55.2,2024-08-30,Good
459,868,73.1,2024-10-18,Good
460,869,87.1,2025-03-21,Good
461,870,78.2,2024-12-26,Average
462,871,69.2,2025-03-06,Average
463,873,64.7,2024-10-22,Average
464,875,54.1,2024-12-06,Poor
465,877,79.6,2025-08-12,Poor
466,878,51.9,2025-01-13,Poor
467,880,88.6,2024-10-21,Average
468,881,75.6,2025-08-28,Poor
469,886,43.1,2024-11-14,Poor
470,888,97.1,2025-03-11,Average
471,892,47.7,2025-07-02,Poor
472,894,62.5,2025-02-09,Average
473,895,64.4,2025-06-22,Average
474,897,97.3,2025-02-20,Poor
475,898,63.9,2025-06-01,Poor
476,901,88.1,2025-01-02,Average
477,902,45.1,2025-08-15,Poor
478,904,53.7,2024-11-05,Average
479,908,89.8,2024-09-29,Poor
480,909,60.6,2025-06-12,Average
481,910,93.7,2025-03-31,Poor
482,912,66.2,2024-11-18,Average
483,913,49.5,2025-07-21,Good
484,914,89.3,2025-03-25,Average
485,915,75.9,2024-10-21,Good
486,918,60.8,2025-01-29,Poor
487,920,91.4,2025-02-24,Poor
488,922,59.6,2025-07-03,Poor
489,923,53.4,2025-05-16,Average
490,924,67.8,2025-06-29,Average
491,925,94.0,2025-07-14,Poor
492,926,68.3,2024-09-26,Good
493,927,82.9,2024-11-29,Poor
494,930,81.7,2024-09-01,Good
495,931,75.1,2024-11-11,Poor
496,935,64.0,2025-04-14,Poor
497,936,85.0,2025-08-06,Good
498,939,43.4,2025-02-18,Good
499,941,72.7,2025-07-11,Good
500,942,48.5,2025-07-20,Poor
501,943,77.5,2025-01-28,Average
502,947,79.3,2024-12-30,Good
503,949,75.8,2025-06-13,Poor
504,950,59.6,2025-03-11,Poor
505,951,97.4,2024-12-17,Poor
506,954,85.7,2024-11-25,Good
507,956,57.9,2024-09-03,Average
508,958,48.8,2025-02-08,Good
509,962,53.7,2025-03-08,Average
510,963,96.5,2024-09-07,Average
511,964,51.0,2025-04-16,Good
512,966,59.7,2024-11-30,Average
513,967,45.1,2025-01-23,Poor
514,968,90.3,2025-01-17,Good
515,969,95.5,2025-04-08,Good
516,970,73.8,2025-04-12,Poor
517,971,52.2,2025-04-06,Good
518,975,83.1,2025-08-26,Good
519,978,78.8,2025-07-07,Average
520,979,52.5,2025-05-23,Good
521,980,43.6,2025-02-16,Average
522,981,73.1,2025-07-16,Good
523,986,90.7,2025-01-28,Average
524,988,83.9,2025-05-31,Poor
525,991,68.6,2025-06-03,Poor
526,998,43.5,2025-07-27,Good
527,1002,90.0,2024-11-13,Good
528,1006,93.7,2024-09-16,Average
529,1007,78.5,2025-02-26,Good
530,1013,75.6,2024-09-01,Average
531,1014,74.9,2025-04-18,Poor
532,1015,42.3,2024-11-02,Poor
533,1017,87.6,2025-07-26,Average
534,1021,76.8,2024-11-22,Good
535,1023,86.7,2025-06-27,Poor
536,1025,53.5,2025-01-10,Good
537,1026,53.4,2025-07-23,Average
538,1029,89.0,2025-07-07,Good
539,1030,51.4,2024-12-27,Good
540,1037,51.1,2024-09-09,Good
541,1039,66.9,2024-10-10,Good
542,1043,48.9,2025-04-13,Good
543,1046,81.0,2024-12-28,Good
544,1047,49.4,2024-11-03,Average
545,1049,93.7,2025-06-06,Good
546,1055,43.8,2024-09-01,Average
547,1057,77.9,2025-01-29,Good
548,1058,69.7,2025-07-14,Poor
549,1064,83.1,2024-11-11,Poor
550,1066,66.1,2025-08-20,Average
551,1068,57.8,2025-03-01,Good
552,1073,45.4,2025-03-07,Poor
553,1075,83.1,2024-11-17,Good
554,1077,95.9,2025-07-04,Good
555,1079,90.5,2025-03-08,Average
556,1080,77.5,2025-03-08,Poor
557,1081,84.1,2024-10-02,Average
558,1084,79.8,2025-01-08,Good
559,1086,58.0,2025-07-02,Average
560,1088,98.3,2024-09-28,Poor
561,1090,73.0,2025-03-16,Poor
562,1091,73.5,2025-01-16,Poor
563,1092,82.9,2025-02-27,Average
564,1096,40.7,2025-08-20,Good
565,1098,53.9,2025-02-25,Poor
566,1103,82.7,2024-09-27,Average
567,1105,82.3,2024-12-09,Good
568,1107,92.6,2025-07-22,Good
569,1108,48.5,2024-10-24,Poor
570,1112,67.9,2024-10-12,Average
571,1114,72.8,2025-07-13,Good
572,1116,63.5,2025-01-17,Good
573,1117,58.2,2025-01-23,Average
574,1121,91.3,2024-10-07,Good
575,1123,42.7,2024-12-07,Average
576,1128,80.8,2025-06-22,Average
577,1129,98.5,2024-10-29,Average
578,1134,72.5,2025-03-19,Poor
579,1136,96.6,2024-09-17,Good
580,1137,50.9,2025-03-22,Average
581,1138,60.3,2024-12-14,Average
582,1139,60.6,2024-09-03,Average
583,1142,61.2,2025-07-02,Average
584,1143,98.7,2024-08-30,Good
585,1144,97.7,2025-01-19,Average
586,1147,54.7,2025-01-20,Good
587,1149,59.8,2024-09-11,Good
588,1150,91.6,2025-06-13,Good
589,1151,78.6,2025-02-10,Good
590,1152,45.3,2025-02-02,Poor
591,1154,49.0,2025-04-24,Poor
592,1157,46.5,2025-02-21,Poor
593,1158,98.2,2025-01-15,Good
594,1159,50.6,2024-09-15,Good
595,1163,70.1,2025-06-14,Average
596,1164,83.3,2025-04-21,Good
597,1166,60.3,2024-10-07,Average
598,1167,80.3,2025-06-22,Poor
599,1168,98.2,2025-05-30,Average
600,1171,57.5,2025-01-18,Good
601,1173,60.3,2025-05-18,Average
602,1174,94.6,2025-07-16,Good
603,1175,71.5,2024-09-07,Average
604,1176,67.3,2025-08-04,Poor
605,1179,52.1,2025-01-29,Average
606,1180,74.7,2024-12-02,Average
607,1181,91.0,2025-02-09,Average
608,1183,78.1,2024-08-30,Poor
609,1184,72.6,2024-12-06,Good
610,1185,83.8,2024-10-12,Average
611,1189,98.2,2025-07-11,Good
612,1192,87.5,2025-01-24,Average
613,1194,53.3,2024-10-03,Poor
614,1199,48.3,2024-11-08,Poor
615,1200,54.8,2024-12-27,Poor
616,1204,75.0,2025-05-28,Good
617,1206,46.3,2025-07-30,Good
618,1207,57.5,2024-11-10,Average
619,1208,58.2,2025-03-25,Average
620,1209,93.1,2025-03-06,Good
621,1210,80.7,2024-12-22,Poor
622,1212,57.2,2025-06-25,Average
623,1213,81.0,2025-08-16,Poor
624,1215,45.1,2025-03-11,Average
625,1216,58.1,2025-03-04,Average
626,1217,77.9,2025-03-11,Poor
627,1222,49.4,2025-04-03,Average
628,1223,69.2,2024-11-11,Poor
629,1227,93.6,2025-05-07,Poor
630,1228,58.6,2024-11-01,Good
631,1229,77.8,2025-08-14,Poor
632,1230,90.1,2025-01-18,Good
633,1232,70.6,2025-07-08,Average
634,1235,43.6,2024-12-24,Poor
635,1238,69.5,2025-03-23,Average
636,1241,92.1,2025-08-19,Poor
637,1242,84.9,2025-02-17,Average
638,1249,61.4,2024-09-03,Average
639,1250,44.6,2025-05-24,Good
640,1254,50.8,2025-03-11,Average
641,1255,90.4,2025-06-27,Average
642,1256,63.5,2025-07-24,Good
643,1257,61.3,2025-04-30,Average
644,1259,76.8,2025-06-16,Poor
645,1260,96.4,2025-02-09,Poor
646,1261,88.7,2025-06-18,Average
647,1262,72.6,2025-01-28,Poor
648,1263,85.9,2024-10-19,Average
649,1264,71.4,2025-05-02,Good
650,1265,54.8,2024-10-23,Good
651,1266,40.9,2024-11-10,Average
652,1271,42.6,2024-11-21,Poor
653,1272,68.7,2024-11-16,Good
654,1274,63.0,2024-09-22,Poor
655,1275,96.8,2025-07-02,Average
656,1276,91.9,2024-09-02,Good
657,1277,64.3,2025-03-29,Good
658,1280,42.8,2025-01-23,Poor
659,1283,62.3,2024-09-17,Average
660,1284,64.0,2025-05-11,Average
661,1287,98.3,2024-10-03,Average
662,1290,69.4,2025-05-27,Good
663,1294,62.9,2025-01-31,Poor
664,1297,96.2,2025-03-25,Good
665,1298,91.5,2025-03-20,Poor
666,1301,80.2,2024-09-25,Average
667,1304,87.8,2024-12-19,Poor
668,1305,47.6,2025-07-02,Average
669,1306,49.6,2024-12-21,Good
670,1312,72.0,2025-07-03,Average
671,1313,85.7,2025-07-29,Good
672,1315,46.2,2025-02-14,Poor
673,1318,81.1,2024-12-31,Poor
674,1319,96.9,2024-12-25,Good
675,1320,42.8,2025-01-29,Poor
676,1321,70.9,2024-09-15,Good
677,1322,53.9,2024-11-02,Poor
678,1323,88.8,2024-11-29,Good
679,1328,70.4,2025-06-11,Average
680,1332,83.1,2024-09-22,Good
681,1334,89.4,2025-03-19,Good
682,1342,61.4,2025-06-06,Average
683,1344,97.4,2025-03-23,Good
684,1349,67.8,2025-08-08,Good
685,1350,69.2,2025-01-21,Poor
686,1351,83.4,2024-10-26,Poor
687,1352,40.4,2025-08-08,Poor
688,1353,63.0,2025-07-21,Good
689,1356,88.6,2024-12-29,Poor
690,1358,52.8,2024-09-17,Average
691,1362,98.2,2025-07-07,Poor
692,1364,45.3,2025-01-19,Poor
693,1365,61.7,2024-09-21,Poor
694,1370,77.3,2024-12-28,Average
695,1372,99.8,2025-07-16,Average
696,1375,90.4,2025-04-13,Average
697,1378,70.4,2025-08-04,Average
698,1380,90.1,2025-05-10,Average
699,1382,57.5,2025-04-22,Good
700,1383,41.4,2024-12-10,Average
701,1386,46.4,2025-08-17,Poor
702,1391,51.4,2025-05-02,Good
703,1394,67.3,2025-01-25,Average
704,1395,85.0,2025-08-10,Average
705,1398,90.9,2024-12-09,Average
706,1399,55.6,2025-03-22,Average
707,1400,88.4,2024-12-25,Average
708,1402,56.2,2025-06-12,Good
709,1404,76.0,2024-12-18,Good
710,1405,96.8,2025-01-16,Good
711,1406,52.5,2025-07-17,Poor
712,1408,43.8,2025-03-02,Good
713,1411,45.0,2024-10-02,Poor
714,1412,52.5,2024-12-28,Good
715,1413,97.9,2025-07-23,Poor
716,1415,92.1,2025-08-22,Poor
717,1417,40.7,2025-04-08,Average
718,1419,71.4,2024-11-20,Good
719,1420,82.9,2024-11-10,Average
720,1421,95.6,2024-12-26,Poor
721,1424,70.3,2025-05-17,Good
722,1427,50.8,2024-12-20,Good
723,1429,59.8,2025-02-16,Poor
724,1430,96.0,2025-01-20,Poor
725,1431,55.4,2024-09-08,Good
726,1432,61.4,2025-08-02,Average
727,1433,89.7,2024-12-16,Average
728,1442,46.8,2025-06-06,Poor
729,1443,57.2,2024-11-12,Good
730,1447,99.7,2025-03-16,Poor
731,1448,43.9,2025-01-18,Poor
732,1455,56.7,2025-08-27,Average
733,1457,90.1,2025-05-02,Poor
734,1458,41.9,2025-08-05,Average
735,1459,45.4,2025-04-23,Good
736,1461,47.1,2025-04-01,Poor
737,1463,51.3,2024-11-30,Average
738,1464,64.5,2025-08-25,Average
739,1465,65.7,2025-01-07,Good
740,1467,86.7,2025-06-10,Poor
741,1468,87.1,2025-01-19,Good
742,1469,70.7,2025-08-18,Poor
743,1470,84.3,2025-03-10,Good
744,1472,88.1,2025-08-27,Poor
745,1473,68.2,2025-03-12,Poor
746,1475,42.5,2024-10-28,Good
747,1476,67.4,2025-05-04,Good
748,1478,40.1,2025-01-07,Good
749,1484,59.0,2024-09-16,Average
750,1485,94.5,2024-11-09,Good
751,1486,78.3,2025-08-09,Average
752,1488,81.1,2025-06-10,Good
753,1491,47.3,2024-09-17,Good
754,1495,41.9,2025-05-31,Average
755,1498,46.1,2025-05-26,Poor
756,1499,53.9,2024-11-03,Good
757,1502,51.0,2025-02-06,Poor
758,1505,47.3,2025-03-13,Poor
759,1506,73.1,2025-07-20,Good
760,1507,70.3,2024-10-22,Poor
761,1508,58.7,2024-12-17,Average
762,1509,89.2,2025-04-16,Good
763,1510,77.5,2025-02-01,Poor
764,1512,52.0,2025-07-21,Good
765,1513,45.7,2024-11-30,Average
766,1519,66.5,2025-04-29,Poor
767,1520,46.5,2024-11-13,Good
768,1522,85.0,2024-10-24,Good
769,1523,49.6,2025-01-10,Average
770,1525,96.7,2024-09-25,Average
771,1530,81.2,2025-08-19,Poor
772,1531,83.2,2025-04-03,Average
773,1536,98.7,2024-12-08,Average
774,1537,85.6,2025-03-10,Poor
775,1539,58.1,2024-12-13,Average
776,1542,70.1,2025-02-01,Average
777,1543,57.2,2024-12-13,Good
778,1544,80.9,2024-09-30,Poor
779,1546,81.5,2025-06-18,Average
780,1547,51.4,2024-09-07,Average
781,1550,57.2,2025-01-19,Poor
782,1553,53.9,2024-09-14,Poor
783,1555,96.1,2025-06-05,Poor
784,1558,46.4,2025-01-17,Good
785,1560,98.8,2025-01-17,Poor
786,1564,48.9,2024-08-30,Poor
787,1568,69.1,2025-01-21,Poor
788,1569,92.1,2024-10-18,Poor
789,1570,88.2,2025-03-15,Poor
790,1571,57.9,2025-05-25,Poor
791,1572,82.3,2025-06-16,Poor
792,1577,67.3,2025-05-11,Average
793,1581,97.8,2025-01-18,Poor
794,1582,97.4,2024-10-29,Poor
795,1583,91.8,2024-10-11,Good
796,1585,45.9,2025-07-20,Good
797,1588,61.4,2024-10-02,Good
798,1589,87.0,2025-08-14,Average
799,1595,93.4,2025-04-21,Average
800,1598,98.8,2025-02-26,Average
801,1599,47.6,2025-06-11,Poor
802,1600,88.8,2025-06-11,Average
803,1603,53.6,2025-07-13,Poor
804,1607,88.3,2024-11-24,Good
805,1608,41.7,2024-10-23,Average
806,1610,51.6,2025-08-11,Average
807,1612,72.9,2025-03-05,Good
808,1613,77.1,2025-08-07,Poor
809,1616,65.3,2025-07-07,Average
810,1617,71.8,2024-09-30,Poor
811,1621,61.9,2025-03-24,Good
812,1622,72.6,2024-12-15,Poor
813,1623,69.3,2025-08-15,Average
814,1624,97.9,2024-10-27,Poor
815,1625,83.7,2025-05-31,Poor
816,1627,61.4,2025-02-26,Average
817,1628,83.1,2025-05-10,Poor
818,1629,94.9,2025-03-30,Poor
819,1632,55.1,2025-01-04,Good
820,1633,71.6,2024-10-04,Poor
821,1635,86.7,2025-08-16,Average
822,1642,95.0,2025-03-07,Good
823,1645,57.8,2025-08-19,Average
824,1648,89.0,2025-01-14,Average
825,1653,84.8,2025-03-23,Good
826,1654,96.2,2025-05-15,Poor
827,1656,64.8,2025-06-16,Good
828,1658,97.4,2025-05-27,Poor
829,1659,50.1,2024-11-18,Average
830,1663,99.9,2025-03-07,Average
831,1664,41.7,2025-01-24,Good
832,1666,96.2,2024-09-08,Average
833,1669,83.9,2025-05-28,Poor
834,1670,44.8,2024-12-07,Poor
835,1672,78.8,2025-07-04,Average
836,1674,42.5,2025-06-17,Poor
837,1676,47.9,2024-09-13,Good
838,1681,58.0,2024-11-07,Average
839,1683,63.0,2025-01-26,Average
840,1684,43.5,2024-11-09,Average
841,1685,53.9,2025-03-28,Good
842,1686,49.9,2025-03-31,Good
843,1687,59.5,2024-09-19,Poor
844,1688,87.7,2025-08-01,Good
845,1689,55.0,2025-07-21,Average
846,1690,51.8,2025-05-01,Good
847,1693,60.9,2025-04-03,Average
848,1694,69.6,2025-06-24,Average
849,1695,51.3,2025-05-07,Average
850,1696,59.0,2025-03-28,Poor
851,1698,75.1,2025-04-07,Average
852,1700,48.2,2025-01-05,Poor
853,1701,98.3,2025-03-27,Average
854,1702,76.0,2024-09-22,Good
855,1707,64.9,2024-09-01,Poor
856,1708,51.5,2025-05-26,Average
857,1709,90.5,2025-01-25,Poor
858,1710,77.6,2024-09-05,Good
859,1713,81.5,2025-08-07,Poor
860,1714,74.4,2025-08-01,Poor
861,1717,93.3,2024-10-28,Average
862,1719,50.0,2024-10-03,Poor
863,1721,45.0,2025-01-24,Average
864,1722,92.0,2025-07-09,Good
865,1736,62.1,2024-12-30,Poor
866,1738,91.5,2025-05-17,Average
867,1739,85.0,2025-05-29,Good
868,1743,86.4,2025-06-28,Poor
869,1744,48.8,2024-09-15,Good
870,1747,47.5,2024-11-19,Good
871,1749,77.0,2024-11-16,Poor
872,1750,58.6,2024-10-02,Average
873,1751,42.4,2025-05-17,Good
874,1755,50.7,2025-02-27,Average
875,1756,92.4,2024-10-11,Poor
876,1757,98.8,2025-04-21,Poor
877,1759,45.4,2024-11-12,Average
878,1762,62.2,2025-05-23,Average
879,1763,65.7,2025-08-07,Good
880,1764,64.5,2024-12-02,Good
881,1766,76.8,2025-08-12,Good
882,1768,95.1,2025-01-15,Good
883,1770,85.6,2025-01-28,Poor
884,1772,90.7,2024-09-05,Good
885,1773,96.9,2024-11-06,Poor
886,1779,43.2,2024-11-20,Average
887,1781,45.6,2025-03-16,Average
888,1782,62.4,2025-07-12,Average
889,1783,98.7,2025-03-30,Average
890,1784,41.7,2025-02-09,Good
891,1793,45.0,2025-08-23,Poor
892,1796,93.4,2024-12-12,Average
893,1798,41.8,2024-12-19,Average
894,1801,58.5,2024-12-11,Average
895,1806,75.2,2024-10-01,Average
896,1808,51.9,2025-08-22,Poor
897,1811,99.5,2025-04-28,Good
898,1812,80.3,2025-08-18,Poor
899,1813,55.3,2025-06-24,Good
900,1815,87.8,2025-05-18,Average
901,1818,59.3,2025-03-30,Average
902,1821,45.0,2024-11-13,Average
903,1822,81.9,2025-05-17,Poor
904,1824,82.3,2024-11-23,Poor
905,1826,70.1,2024-10-25,Good
906,1827,87.1,2024-09-28,Poor
907,1828,75.2,2024-12-16,Average
908,1830,76.1,2024-09-02,Good
909,1832,50.4,2024-08-31,Good
910,1834,49.2,2025-01-06,Average
911,1840,75.0,2025-01-06,Good
912,1841,80.6,2025-08-07,Poor
913,1842,89.7,2025-01-30,Poor
914,1843,92.1,2025-02-07,Average
915,1844,51.6,2025-03-21,Good
916,1845,67.9,2025-01-30,Good
917,1846,59.2,2025-06-06,Poor
918,1847,57.5,2024-09-13,Poor
919,1848,93.9,2025-02-12,Good
920,1850,72.9,2025-08-18,Good
921,1853,62.9,2024-12-06,Good
922,1855,80.5,2024-09-26,Average
923,1857,66.5,2025-06-24,Poor
924,1863,87.8,2024-11-25,Poor
925,1864,94.3,2025-07-02,Average
926,1866,73.4,2025-07-03,Good
927,1867,65.6,2025-05-16,Average
928,1870,85.1,2024-12-15,Poor
929,1872,90.3,2024-11-24,Good
930,1874,69.8,2025-06-07,Average
931,1875,43.6,2025-03-02,Poor
932,1876,80.8,2025-07-01,Average
933,1879,82.9,2025-06-13,Good
934,1881,99.1,2024-09-04,Average
935,1882,95.3,2025-02-25,Poor
936,1883,81.8,2025-08-18,Poor
937,1885,93.3,2024-11-10,Good
938,1886,43.3,2024-09-08,Poor
939,1887,67.8,2024-12-24,Poor
940,1888,78.1,2025-03-07,Good
941,1893,83.3,2025-01-19,Average
942,1895,88.1,2025-04-10,Average
943,1897,79.8,2024-09-04,Good
944,1899,56.5,2025-01-16,Poor
945,1900,54.1,2024-11-05,Poor
946,1901,59.9,2025-07-12,Good
947,1902,85.0,2025-08-06,Poor
948,1904,43.5,2025-04-26,Poor
949,1905,61.5,2025-05-03,Good
950,1908,64.9,2024-10-10,Good
951,1909,65.6,2024-09-27,Poor
952,1911,80.8,2024-10-25,Good
953,1913,83.4,2025-03-25,Poor
954,1916,86.1,2025-02-20,Poor
955,1917,88.5,2025-05-24,Average
956,1918,83.2,2025-03-18,Average
957,1919,89.7,2025-05-21,Good
958,1920,58.8,2025-06-27,Poor
959,1921,67.6,2025-04-05,Good
960,1924,66.6,2024-09-28,Average
961,1925,74.1,2024-09-06,Average
962,1926,96.1,2025-04-15,Average
963,1927,44.2,2024-09-09,Poor
964,1928,43.5,2025-07-05,Average
965,1929,92.4,2025-07-11,Poor
966,1930,57.5,2025-03-24,Poor
967,1931,45.0,2024-10-18,Good
968,1932,55.5,2024-09-14,Good
969,1933,72.7,2025-03-21,Poor
970,1934,61.3,2025-05-08,Poor
971,1935,54.4,2025-04-22,Good
972,1938,79.7,2025-08-14,Good
973,1941,54.7,2025-03-11,Poor
974,1943,72.6,2025-04-17,Good
975,1944,61.7,2025-05-27,Good
976,1946,54.0,2025-06-11,Poor
977,1948,69.4,2025-03-08,Poor
978,1949,53.5,2025-07-07,Poor
979,1951,52.9,2025-06-03,Poor
980,1954,98.8,2025-06-03,Poor
981,1955,70.4,2024-11-17,Poor
982,1960,75.2,2024-10-11,Poor
983,1964,58.0,2024-08-29,Average
984,1968,60.3,2025-08-09,Average
985,1970,63.9,2024-11-05,Average
986,1971,46.2,2025-08-03,Average
987,1972,58.8,2025-03-17,Good
988,1973,99.3,2025-02-22,Good
989,1974,40.6,2025-04-19,Good
990,1975,83.2,2024-12-19,Average
991,1976,60.4,2025-03-12,Good
992,1979,93.0,2024-11-26,Average
993,1980,41.1,2025-06-22,Good
994,1982,68.2,2025-04-20,Good
995,1984,54.4,2024-10-24,Good
996,1985,65.1,2025-08-20,Average
997,1989,89.7,2025-07-31,Average
998,1990,46.4,2024-11-12,Average
999,1991,94.8,2024-12-02,Good
1000,1992,83.8,2025-05-17,Good
1001,1994,64.2,2025-06-23,Average
1002,1996,41.8,2025-07-03,Good
1003,1997,72.7,2024-09-17,Poor
1004,2000,45.5,2025-05-25,Average
1005,2004,44.8,2025-01-13,Poor
1006,2005,92.2,2024-09-04,Good
1007,2006,65.0,2025-02-23,Poor
1008,2008,80.6,2025-04-15,Good
1009,2010,64.0,2025-01-25,Poor
1010,2011,82.3,2024-12-30,Average
1011,2012,74.3,2024-09-28,Good
1012,2013,86.9,2024-10-29,Average
1013,2015,98.5,2025-01-27,Average
1014,2016,98.7,2024-11-21,Good
1015,2017,70.9,2025-05-05,Poor
1016,2019,40.8,2025-03-04,Poor
1017,2021,83.7,2024-09-30,Poor
1018,2022,57.8,2025-07-26,Poor
1019,2025,87.1,2024-09-23,Average
1020,2026,55.7,2025-02-14,Average
1021,2027,48.3,2025-02-10,Poor
1022,2029,87.4,2024-09-28,Good
1023,2030,69.7,2025-05-16,Average
1024,2031,85.2,2025-06-26,Good
1025,2032,76.0,2024-11-26,Average
1026,2033,66.7,2024-12-23,Average
1027,2036,40.1,2024-11-03,Average
1028,2039,78.5,2025-05-01,Good
1029,2042,51.4,2025-07-19,Average
1030,2043,64.1,2025-04-03,Good
1031,2045,61.6,2025-07-29,Average
1032,2046,96.0,2025-02-23,Good
1033,2047,47.9,2025-05-06,Good
1034,2048,98.4,2025-06-12,Good
1035,2052,71.8,2025-03-01,Poor
1036,2056,83.4,2025-08-22,Good
1037,2058,66.3,2025-02-11,Poor
1038,2059,66.9,2024-11-13,Poor
1039,2060,62.1,2024-10-11,Average
1040,2063,53.6,2025-06-27,Average
1041,2066,86.9,2025-05-08,Good
1042,2068,94.8,2024-09-30,Poor
1043,2069,79.6,2025-08-05,Average
1044,2072,99.2,2025-06-01,Poor
1045,2073,76.0,2025-07-12,Good
1046,2075,95.0,2025-05-14,Average
1047,2076,49.2,2024-09-01,Average
1048,2078,84.0,2025-04-22,Good
1049,2081,44.0,2025-05-11,Good
1050,2082,66.0,2025-03-04,Good
1051,2083,83.7,2024-10-06,Good
1052,2088,45.1,2025-02-18,Poor
1053,2089,86.3,2025-05-03,Average
1054,2090,54.7,2024-12-14,Good
1055,2091,84.4,2025-08-07,Poor
1056,2094,48.1,2025-02-11,Average
1057,2095,85.9,2025-03-22,Average
1058,2096,58.8,2025-04-24,Good
1059,2099,41.1,2025-01-23,Poor
1060,2100,80.7,2024-10-03,Good
1061,2104,71.2,2024-12-16,Average
1062,2108,81.5,2024-11-14,Average
1063,2110,42.1,2025-05-05,Good
1064,2111,46.6,2024-09-18,Average
1065,2114,63.3,2025-06-24,Poor
1066,2116,45.7,2025-07-11,Poor
1067,2117,56.3,2025-01-05,Good
1068,2119,86.6,2025-07-28,Average
1069,2120,78.4,2025-08-21,Good
1070,2122,74.2,2025-03-13,Average
1071,2123,75.8,2025-02-20,Good
1072,2124,83.0,2024-09-06,Good
1073,2125,85.2,2024-10-13,Poor
1074,2127,66.4,2025-02-09,Good
1075,2129,61.6,2025-05-22,Average
1076,2131,81.4,2024-11-23,Average
1077,2132,50.4,2024-11-29,Average
1078,2133,60.6,2024-12-16,Average
1079,2137,45.9,2025-08-17,Poor
1080,2138,77.1,2025-07-15,Good
1081,2139,86.6,2025-06-04,Good
1082,2140,93.7,2025-01-13,Average
1083,2141,56.3,2025-04-22,Poor
1084,2144,49.3,2024-12-28,Good
1085,2148,84.4,2024-11-11,Poor
1086,2149,66.6,2025-07-19,Average
1087,2150,96.4,2025-05-18,Good
1088,2154,59.1,2024-10-27,Average
1089,2156,81.2,2024-09-10,Average
1090,2157,89.4,2025-06-17,Good
1091,2158,84.0,2025-03-05,Average
1092,2159,53.9,2025-07-07,Poor
1093,2162,93.3,2025-07-03,Average
1094,2163,48.8,2025-03-17,Good
1095,2166,80.9,2025-04-01,Average
1096,2167,86.1,2024-09-05,Poor
1097,2168,41.1,2025-06-16,Average
1098,2169,55.0,2024-12-04,Good
1099,2172,58.8,2025-02-02,Poor
1100,2178,96.3,2024-11-18,Poor
1101,2181,42.2,2024-10-30,Good
1102,2182,85.0,2025-01-21,Average
1103,2183,50.9,2024-11-07,Average
1104,2185,94.0,2024-09-11,Good
1105,2188,65.7,2025-05-30,Good
1106,2189,58.6,2024-11-07,Poor
1107,2190,99.8,2025-04-29,Poor
1108,2191,93.2,2025-06-04,Average
1109,2192,55.0,2024-08-30,Poor
1110,2193,49.2,2024-09-28,Good
1111,2195,54.6,2024-10-10,Average
1112,2199,86.3,2024-11-06,Good
1113,2201,61.4,2025-03-11,Poor
1114,2203,49.5,2025-06-13,Good
1115,2204,50.6,2025-06-15,Average
1116,2205,43.5,2025-02-06,Good
1117,2207,52.7,2025-02-18,Average
1118,2208,45.2,2024-09-09,Poor
1119,2209,84.9,2024-10-02,Good
1120,2210,80.8,2025-06-14,Average
1121,2214,92.9,2025-03-28,Average
1122,2216,43.0,2025-01-14,Good
1123,2217,87.0,2025-01-13,Average
1124,2220,58.8,2025-03-10,Good
1125,2221,88.6,2025-08-26,Poor
1126,2225,45.5,2025-02-01,Poor
1127,2226,97.6,2025-02-06,Average
1128,2229,79.7,2024-12-25,Good
1129,2231,95.6,2024-09-11,Average
1130,2232,53.4,2025-03-03,Average
1131,2236,85.5,2025-08-22,Average
1132,2239,84.6,2024-11-03,Poor
1133,2241,49.6,2024-11-01,Good
1134,2245,40.3,2024-10-03,Good
1135,2246,90.7,2024-10-20,Good
1136,2249,72.3,2025-02-11,Average
1137,2250,87.2,2025-08-15,Poor
1138,2255,85.9,2025-06-23,Poor
1139,2259,49.3,2025-04-14,Average
1140,2264,69.2,2025-07-15,Average
1141,2266,66.6,2024-12-12,Good
1142,2269,61.2,2025-08-27,Average
1143,2271,49.8,2025-06-10,Average
1144,2273,58.7,2025-04-24,Poor
1145,2275,73.9,2025-05-31,Poor
1146,2283,53.1,2025-06-16,Average
1147,2284,89.9,2025-01-07,Average
1148,2285,50.4,2024-09-02,Good
1149,2289,53.3,2024-11-04,Good
1150,2294,44.0,2024-10-12,Average
1151,2296,63.5,2025-05-18,Poor
1152,2298,99.4,2025-03-02,Good
1153,2300,99.9,2025-08-11,Good
1154,2301,75.1,2025-05-12,Good
1155,2303,49.9,2024-09-10,Good
1156,2307,81.1,2025-08-09,Good
1157,2308,68.4,2024-10-21,Poor
1158,2315,77.8,2025-01-31,Poor
1159,2316,44.3,2025-03-27,Poor
1160,2317,70.2,2025-03-11,Average
1161,2318,96.8,2024-09-27,Good
1162,2322,81.2,2025-04-08,Good
1163,2323,66.5,2024-10-16,Poor
1164,2324,76.8,2024-12-15,Poor
1165,2327,42.9,2024-11-24,Poor
1166,2330,78.7,2024-11-28,Poor
1167,2332,94.8,2025-03-19,Average
1168,2336,55.5,2024-11-26,Good
1169,2338,98.5,2025-08-22,Poor
1170,2341,81.1,2024-11-10,Good
1171,2343,95.0,2025-08-15,Good
1172,2344,70.9,2024-10-01,Good
1173,2346,71.9,2025-01-19,Good
1174,2348,48.0,2025-05-22,Average
1175,2351,80.6,2025-06-26,Average
1176,2353,97.1,2025-04-08,Poor
1177,2354,99.5,2025-03-06,Average
1178,2356,50.1,2025-08-18,Average
1179,2359,91.3,2025-06-04,Average
1180,2361,44.5,2025-07-15,Good
1181,2363,70.3,2025-04-28,Good
1182,2364,43.8,2025-05-18,Poor
1183,2367,94.3,2024-10-22,Average
1184,2369,52.6,2025-05-21,Poor
1185,2371,44.1,2025-01-25,Good
1186,2373,90.2,2025-05-29,Average
1187,2375,43.9,2024-11-18,Good
1188,2382,85.6,2025-05-04,Good
1189,2383,99.6,2024-12-04,Good
1190,2384,57.7,2025-06-14,Good
1191,2387,61.9,2024-09-25,Poor
1192,2388,86.2,2025-02-15,Average
1193,2389,44.5,2025-02-09,Average
1194,2391,73.8,2024-09-21,Average
1195,2394,58.6,2025-08-15,Average
1196,2398,78.1,2025-08-23,Average
1197,2403,98.5,2025-05-10,Good
1198,2405,57.5,2024-11-06,Poor
1199,2406,76.4,2024-10-06,Poor
1200,2407,98.3,2024-10-24,Poor
1201,2409,96.5,2025-03-09,Average
1202,2411,53.6,2024-12-27,Good
1203,2413,73.6,2024-10-27,Average
1204,2417,58.4,2025-01-29,Good
1205,2420,93.7,2024-11-08,Good
1206,2421,96.5,2025-07-12,Average
1207,2424,96.6,2025-04-15,Poor
1208,2425,58.1,2025-03-29,Average
1209,2426,40.7,2025-05-11,Good
1210,2427,77.3,2024-09-29,Average
1211,2431,44.3,2025-04-03,Good
1212,2433,51.1,2025-03-16,Poor
1213,2434,83.8,2025-04-16,Average
1214,2436,90.0,2024-10-21,Poor
1215,2438,62.2,2025-02-12,Good
1216,2439,42.3,2025-07-04,Good
1217,2441,94.3,2024-10-23,Good
1218,2443,48.2,2025-05-02,Poor
1219,2445,53.8,2024-10-03,Average
1220,2446,71.3,2025-01-03,Good
1221,2447,82.6,2025-05-29,Good
1222,2448,49.7,2025-07-02,Good
1223,2450,88.6,2024-12-12,Good
1224,2451,53.3,2024-11-24,Average
1225,2452,77.3,2025-02-05,Poor
1226,2454,76.0,2024-10-21,Poor
1227,2459,74.9,2025-08-14,Poor
1228,2461,55.0,2024-11-09,Good
1229,2462,99.9,2025-02-23,Poor
1230,2464,75.7,2025-01-19,Average
1231,2465,68.7,2025-04-03,Good
1232,2468,93.5,2025-04-06,Average
1233,2470,82.8,2025-04-16,Poor
1234,2471,67.0,2025-02-26,Average
1235,2472,67.9,2025-04-02,Average
1236,2478,44.1,2024-12-17,Good
1237,2479,69.2,2025-01-23,Poor
1238,2482,43.8,2024-10-29,Poor
1239,2486,99.4,2025-08-07,Average
1240,2487,62.6,2025-02-21,Average
1241,2488,46.9,2025-02-13,Good
1242,2490,78.9,2024-11-03,Good
1243,2492,72.6,2025-07-23,Average
1244,2499,54.0,2024-10-03,Poor
1245,2500,48.2,2025-03-21,Average
1246,2503,79.6,2025-03-12,Good
1247,2505,89.6,2025-03-30,Poor
1248,2506,93.5,2025-05-12,Average
1249,2508,44.8,2024-10-31,Average
1250,2510,90.5,2025-06-02,Poor
1251,2511,83.3,2024-12-19,Good
1252,2513,68.5,2024-10-27,Poor
1253,2514,96.5,2025-07-05,Poor
1254,2515,44.8,2024-09-05,Good
1255,2520,75.5,2025-07-27,Good
1256,2522,85.2,2025-05-30,Poor
1257,2525,86.1,2025-03-03,Poor
1258,2526,68.4,2024-11-10,Good
1259,2529,88.5,2025-01-01,Average
1260,2531,42.4,2024-12-11,Poor
1261,2532,68.8,2025-05-01,Poor
1262,2534,91.4,2025-05-30,Poor
1263,2540,49.4,2024-10-12,Poor
1264,2541,55.3,2025-04-15,Average
1265,2542,64.2,2025-03-02,Average
1266,2544,51.3,2025-01-21,Average
1267,2546,98.1,2025-04-20,Good
1268,2547,44.4,2025-08-28,Average
1269,2551,76.6,2024-12-14,Good
1270,2553,64.3,2024-10-25,Good
1271,2554,80.4,2024-11-21,Good
1272,2555,86.5,2024-10-10,Poor
1273,2558,41.7,2024-12-20,Good
1274,2562,54.5,2025-06-25,Average
1275,2564,99.8,2025-05-21,Poor
1276,2568,50.1,2025-08-10,Good
1277,2571,53.9,2024-12-19,Average
1278,2573,64.4,2025-06-18,Good
1279,2575,96.0,2024-11-04,Average
1280,2579,61.8,2025-07-11,Average
1281,2581,49.3,2024-11-12,Average
1282,2583,51.2,2025-05-25,Average
1283,2584,66.9,2025-02-28,Good
1284,2585,48.8,2025-06-27,Good
1285,2587,59.4,2025-05-10,Average
1286,2589,68.5,2025-07-12,Poor
1287,2590,58.9,2024-11-28,Average
1288,2593,65.2,2025-05-30,Poor
1289,2594,64.9,2025-03-07,Good
1290,2595,52.0,2024-09-02,Average
1291,2596,44.4,2025-08-26,Good
1292,2597,44.7,2025-02-03,Poor
1293,2598,64.5,2024-09-01,Good
1294,2600,52.0,2025-02-23,Good
1295,2601,73.7,2025-06-02,Good
1296,2602,67.3,2025-05-20,Good
1297,2603,82.6,2024-12-04,Poor
1298,2604,97.0,2025-03-10,Poor
1299,2606,97.1,2025-02-02,Good
1300,2607,79.4,2024-11-25,Poor
1301,2608,58.8,2025-07-03,Poor
1302,2609,62.2,2025-04-11,Good
1303,2610,79.0,2025-05-31,Average
1304,2612,57.7,2025-03-15,Poor
1305,2613,61.6,2024-12-08,Average
1306,2614,63.4,2024-11-12,Average
1307,2616,81.7,2025-07-28,Poor
1308,2617,92.7,2024-10-03,Poor
1309,2618,95.3,2025-02-17,Poor
1310,2619,78.8,2025-02-24,Poor
1311,2624,91.0,2024-11-16,Average
1312,2625,59.0,2025-03-11,Good
1313,2626,57.8,2025-02-17,Good
1314,2627,76.6,2024-09-16,Good
1315,2628,67.1,2025-01-01,Average
1316,2630,81.8,2024-09-02,Average
1317,2632,69.9,2025-07-29,Poor
1318,2637,50.6,2024-11-15,Average
1319,2643,82.0,2024-10-29,Average
1320,2644,56.0,2025-03-02,Good
1321,2648,63.1,2025-06-18,Poor
1322,2650,71.6,2025-08-23,Poor
1323,2653,67.2,2024-09-25,Good
1324,2654,75.5,2025-08-01,Average
1325,2655,69.7,2025-04-09,Good
1326,2656,50.5,2025-08-15,Good
1327,2658,44.8,2024-09-20,Good
1328,2660,66.5,2025-08-01,Good
1329,2661,74.9,2025-05-07,Average
1330,2663,88.2,2024-11-26,Poor
1331,2664,95.1,2025-01-10,Good
1332,2666,84.6,2025-07-26,Average
1333,2669,53.9,2025-08-07,Good
1334,2673,71.9,2025-06-18,Good
1335,2676,57.3,2025-05-18,Average
1336,2679,65.2,2025-05-19,Average
1337,2680,85.2,2025-05-05,Poor
1338,2682,90.1,2025-01-17,Poor
1339,2684,75.8,2025-07-29,Good
1340,2685,42.3,2024-10-24,Good
1341,2686,82.9,2025-08-12,Good
1342,2688,43.8,2024-10-05,Average
1343,2690,79.1,2025-06-23,Good
1344,2692,87.2,2025-01-20,Poor
1345,2694,84.4,2025-01-16,Average
1346,2696,47.3,2024-09-09,Poor
1347,2697,50.7,2024-09-06,Poor
1348,2698,83.8,2024-12-13,Average
1349,2700,99.3,2025-08-11,Poor
1350,2702,84.9,2024-10-16,Average
1351,2703,44.8,2025-07-26,Good
1352,2705,87.8,2024-09-14,Average
1353,2707,64.3,2025-06-29,Good
1354,2710,74.2,2024-12-24,Good
1355,2711,68.7,2024-10-31,Good
1356,2712,61.8,2025-04-19,Good
1357,2714,79.0,2024-10-21,Poor
1358,2716,59.4,2025-07-25,Poor
1359,2720,47.8,2025-04-19,Good
1360,2721,43.9,2024-12-11,Good
1361,2722,53.2,2025-02-03,Average
1362,2725,96.3,2025-08-20,Average
1363,2727,69.2,2025-05-29,Average
1364,2728,43.3,2025-08-26,Good
1365,2730,50.2,2025-04-16,Good
1366,2731,58.9,2024-10-03,Good
1367,2733,77.0,2025-01-31,Good
1368,2737,53.6,2025-06-30,Average
1369,2738,48.8,2025-02-08,Average
1370,2741,50.2,2024-09-10,Average
1371,2745,84.4,2024-10-11,Average
1372,2746,78.3,2024-09-12,Poor
1373,2748,59.3,2024-10-17,Poor
1374,2749,81.3,2024-09-18,Average
1375,2750,42.6,2024-10-27,Poor
1376,2751,40.4,2024-12-17,Good
1377,2755,91.4,2025-07-14,Poor
1378,2756,68.4,2024-12-15,Poor
1379,2757,41.5,2024-11-20,Good
1380,2758,82.0,2024-11-14,Good
1381,2759,52.7,2025-08-19,Poor
1382,2760,88.9,2024-12-25,Poor
1383,2761,57.6,2025-08-03,Poor
1384,2763,78.6,2025-06-30,Average
1385,2766,92.9,2025-06-24,Poor
1386,2768,59.5,2024-09-24,Average
1387,2769,92.5,2025-08-17,Poor
1388,2770,85.2,2025-04-30,Poor
1389,2771,86.0,2025-05-15,Poor
1390,2773,75.6,2025-04-03,Average
1391,2776,71.8,2025-08-27,Average
1392,2778,95.9,2024-12-12,Good
1393,2779,43.0,2025-08-15,Average
1394,2780,64.0,2025-01-28,Good
1395,2782,42.8,2025-03-02,Average
1396,2785,59.2,2025-07-04,Poor
1397,2786,66.0,2025-02-28,Poor
1398,2787,62.3,2024-12-15,Average
1399,2788,96.9,2025-05-12,Good
1400,2789,91.0,2025-03-09,Average
1401,2791,53.0,2025-02-25,Poor
1402,2795,65.6,2025-01-14,Good
1403,2796,82.4,2024-11-09,Good
1404,2797,43.7,2024-08-29,Good
1405,2798,93.8,2025-05-22,Poor
1406,2799,54.6,2025-04-16,Poor
1407,2800,44.8,2025-04-18,Good
1408,2801,42.2,2025-06-11,Average
1409,2803,60.6,2025-03-17,Average
1410,2805,78.3,2025-05-27,Average
1411,2808,81.7,2025-02-12,Good
1412,2809,96.2,2024-12-19,Good
1413,2810,57.7,2024-10-26,Average
1414,2818,51.5,2025-07-04,Poor
1415,2820,63.2,2024-12-22,Good
1416,2823,72.1,2025-01-03,Average
1417,2824,94.6,2025-06-13,Good
1418,2825,79.1,2025-02-18,Poor
1419,2829,98.0,2024-08-29,Average
1420,2830,68.1,2025-06-30,Poor
1421,2831,71.9,2025-07-07,Average
1422,2833,70.5,2024-08-29,Good
1423,2834,75.9,2025-05-29,Poor
1424,2835,62.5,2025-08-05,Good
1425,2837,67.4,2025-04-01,Average
1426,2839,81.1,2025-06-28,Poor
1427,2840,56.2,2025-04-15,Poor
1428,2841,78.8,2024-12-17,Average
1429,2843,62.8,2024-11-02,Poor
1430,2846,83.8,2024-12-30,Average
1431,2849,84.6,2025-02-03,Poor
1432,2851,97.6,2025-06-05,Good
1433,2858,63.1,2024-09-09,Good
1434,2863,95.6,2025-03-26,Average
1435,2865,84.9,2025-02-22,Average
1436,2866,95.5,2024-12-20,Average
1437,2867,83.0,2025-06-15,Good
1438,2868,77.1,2025-08-21,Average
1439,2870,49.4,2024-10-25,Good
1440,2871,80.5,2025-02-08,Average
1441,2872,40.7,2024-10-29,Good
1442,2876,84.1,2025-01-30,Good
1443,2877,46.1,2025-06-26,Good
1444,2880,99.8,2025-07-10,Good
1445,2882,54.3,2024-10-26,Average
1446,2883,73.0,2025-03-25,Average
1447,2884,77.6,2024-09-12,Average
1448,2885,85.3,2025-05-12,Good
1449,2886,99.8,2025-06-24,Good
1450,2887,70.4,2024-10-18,Average
1451,2888,61.3,2025-07-23,Poor
1452,2889,82.5,2025-02-04,Poor
1453,2890,99.8,2025-07-27,Average
1454,2891,54.9,2024-09-17,Good
1455,2895,47.6,2025-06-18,Poor
1456,2896,41.1,2025-03-28,Good
1457,2899,98.5,2025-01-06,Good
1458,2901,48.4,2025-05-04,Average
1459,2903,71.1,2025-01-09,Average
1460,2905,93.8,2024-11-10,Poor
1461,2910,75.3,2025-06-01,Good
1462,2911,40.4,2025-06-03,Poor
1463,2914,41.0,2024-09-28,Poor
1464,2915,59.5,2024-10-24,Good
1465,2918,83.7,2024-10-04,Average
1466,2920,97.2,2025-07-07,Poor
1467,2921,87.8,2025-03-27,Average
1468,2925,72.4,2025-03-30,Poor
1469,2926,87.6,2025-05-01,Poor
1470,2927,60.4,2024-12-22,Average
1471,2930,87.4,2025-04-05,Poor
1472,2932,81.2,2025-08-14,Good
1473,2933,64.1,2025-08-07,Average
1474,2934,71.0,2025-01-17,Good
1475,2937,64.2,2025-05-18,Poor
1476,2942,97.3,2024-10-08,Average
1477,2945,53.2,2024-09-22,Average
1478,2946,66.4,2025-03-05,Average
1479,2947,81.7,2024-09-10,Average
1480,2955,90.7,2025-06-04,Good
1481,2956,64.8,2025-06-23,Poor
1482,2958,50.9,2025-06-04,Average
1483,2960,84.7,2024-10-06,Average
1484,2961,76.0,2024-10-10,Poor
1485,2962,45.4,2025-07-25,Average
1486,2963,79.8,2024-09-25,Good
1487,2964,67.1,2025-04-25,Good
1488,2965,93.8,2025-05-05,Average
1489,2967,40.6,2024-11-12,Good
1490,2970,49.9,2025-08-12,Good
1491,2971,87.1,2025-02-12,Poor
