payment_id,student_id,course_id,amount,payment_date,method
1,1,3,500,2025-06-21,online
2,1,2,400,2025-04-05,online
3,1,4,300,2025-01-03,transfer
4,2,3,500,2025-01-03,transfer
5,2,2,400,2025-05-16,transfer
6,2,4,300,2024-11-23,cash
7,3,5,150,2025-04-17,cash
8,3,2,400,2025-04-26,online
9,3,4,300,2025-01-27,cash
10,4,2,400,2025-04-15,cash
11,4,1,200,2024-11-17,online
12,5,2,400,2025-01-06,transfer
13,5,5,150,2025-05-25,cash
14,5,2,400,2025-05-31,transfer
15,6,2,400,2025-05-14,transfer
16,6,3,500,2024-10-07,transfer
17,7,1,200,2025-07-08,transfer
18,7,5,150,2025-06-17,cash
19,7,5,150,2024-12-21,cash
20,8,2,400,2025-03-02,online
21,8,4,300,2024-10-13,transfer
22,8,5,150,2024-12-07,online
23,8,2,400,2024-08-31,transfer
24,9,1,200,2025-08-07,transfer
25,9,5,150,2025-03-22,cash
26,9,3,500,2025-07-28,transfer
27,9,2,400,2025-07-07,online
28,10,4,300,2025-04-29,cash
29,10,3,500,2025-08-13,online
30,11,5,150,2024-09-17,transfer
31,11,4,300,2024-10-26,online
32,11,4,300,2024-10-29,cash
33,11,1,200,2024-10-20,online
34,12,3,500,2025-04-10,transfer
35,12,3,500,2025-06-28,cash
36,12,3,500,2025-05-23,online
37,12,5,150,2024-12-22,cash
38,12,5,150,2025-03-13,transfer
39,13,1,200,2024-11-26,cash
40,13,1,200,2024-10-12,cash
41,13,2,400,2025-07-20,online
42,13,5,150,2025-08-01,cash
43,14,5,150,2025-07-20,transfer
44,15,2,400,2025-06-11,cash
45,15,5,150,2024-11-17,cash
46,15,2,400,2024-11-11,online
47,16,3,500,2025-02-17,online
48,16,3,500,2025-01-18,transfer
49,16,1,200,2025-04-08,transfer
50,17,3,500,2024-09-07,online
51,17,2,400,2024-09-17,online
52,18,5,150,2025-02-09,cash
53,18,2,400,2025-04-10,transfer
54,18,4,300,2025-01-14,online
55,18,5,150,2024-10-23,online
56,19,4,300,2024-08-29,cash
57,19,4,300,2024-11-26,cash
58,19,1,200,2025-03-18,transfer
59,19,3,500,2025-08-06,transfer
60,20,4,300,2025-06-30,online
61,20,1,200,2024-09-10,cash
62,20,2,400,2024-09-13,online
63,20,5,150,2024-10-20,cash
64,20,4,300,2025-07-03,transfer
65,21,4,300,2025-08-12,cash
66,21,1,200,2025-05-06,transfer
67,22,2,400,2024-10-04,online
68,22,4,300,2025-01-25,transfer
69,22,1,200,2025-08-14,online
70,22,3,500,2025-04-20,online
71,23,2,400,2025-06-08,transfer
72,23,4,300,2025-03-25,cash
73,23,5,150,2024-11-09,online
74,23,1,200,2025-04-04,online
75,23,4,300,2025-02-25,online
76,24,5,150,2024-11-23,transfer
77,24,1,200,2025-08-13,online
78,24,5,150,2024-11-06,transfer
79,24,2,400,2025-06-20,transfer
80,25,5,150,2025-05-27,transfer
81,25,5,150,2024-12-24,cash
82,25,5,150,2025-08-03,transfer
83,26,1,200,2025-05-17,transfer
84,26,5,150,2025-05-07,transfer
85,27,5,150,2024-09-25,transfer
86,27,1,200,2025-03-18,cash
87,27,2,400,2025-02-21,cash
88,27,2,400,2025-08-09,cash
89,28,2,400,2025-06-13,transfer
90,28,4,300,2025-02-16,transfer
91,28,3,500,2025-01-07,cash
92,29,1,200,2025-02-21,transfer
93,29,4,300,2025-02-07,online
94,30,5,150,2025-03-22,cash
95,30,1,200,2025-07-12,transfer
96,31,1,200,2025-02-05,cash
97,32,2,400,2024-09-28,online
98,32,3,500,2024-11-19,online
99,33,4,300,2024-10-13,online
100,33,5,150,2025-07-24,transfer
101,33,5,150,2025-01-09,online
102,34,5,150,2025-04-28,cash
103,34,5,150,2024-12-26,transfer
104,34,5,150,2024-09-26,transfer
105,34,4,300,2025-04-29,cash
106,34,3,500,2025-04-08,online
107,35,4,300,2025-01-28,online
108,35,2,400,2024-10-21,online
109,36,5,150,2024-10-07,transfer
110,36,3,500,2025-05-18,transfer
111,37,3,500,2025-03-22,cash
112,37,1,200,2025-08-19,transfer
113,37,3,500,2024-12-20,transfer
114,37,5,150,2025-02-03,online
115,37,2,400,2025-01-26,transfer
116,38,3,500,2025-05-02,cash
117,38,2,400,2025-01-30,cash
118,38,4,300,2025-05-18,online
119,39,1,200,2025-06-10,cash
120,39,1,200,2025-01-11,cash
121,40,4,300,2025-06-23,transfer
122,40,3,500,2024-11-19,cash
123,41,1,200,2024-12-30,cash
124,41,5,150,2025-08-29,online
125,42,4,300,2025-06-11,transfer
126,42,1,200,2025-03-07,cash
127,42,1,200,2024-09-11,transfer
128,42,2,400,2024-11-09,cash
129,43,5,150,2025-07-23,online
130,43,4,300,2025-03-09,transfer
131,43,4,300,2025-07-10,transfer
132,43,3,500,2025-05-07,cash
133,43,5,150,2025-06-18,transfer
134,44,3,500,2024-11-26,cash
135,44,1,200,2025-05-27,transfer
136,44,1,200,2025-04-12,online
137,44,3,500,2024-09-02,transfer
138,44,2,400,2025-06-02,online
139,45,2,400,2024-09-26,cash
140,46,3,500,2025-01-20,transfer
141,46,4,300,2025-07-16,cash
142,46,3,500,2025-06-30,transfer
143,46,5,150,2025-01-07,transfer
144,46,5,150,2025-04-07,cash
145,47,1,200,2025-02-21,cash
146,47,5,150,2024-11-22,online
147,47,3,500,2025-03-01,online
148,48,2,400,2024-11-04,online
149,48,5,150,2024-09-29,cash
150,49,1,200,2025-02-10,cash
151,49,4,300,2025-05-23,online
152,49,4,300,2025-04-06,cash
153,50,4,300,2024-11-04,online
154,50,4,300,2025-05-26,cash
155,50,1,200,2024-11-04,transfer
156,50,5,150,2025-05-11,transfer
157,50,2,400,2025-08-27,cash
158,51,3,500,2025-06-26,online
159,51,3,500,2025-01-19,cash
160,51,2,400,2025-08-24,online
161,51,2,400,2025-05-27,transfer
162,51,2,400,2025-02-26,online
163,52,4,300,2025-04-24,online
164,52,2,400,2025-02-21,transfer
165,52,5,150,2025-06-24,online
166,52,3,500,2025-06-26,online
167,53,4,300,2024-09-25,transfer
168,53,1,200,2025-03-21,online
169,53,3,500,2025-06-19,cash
170,53,5,150,2025-01-31,cash
171,53,4,300,2024-12-21,transfer
172,54,5,150,2024-10-30,transfer
173,54,4,300,2025-02-11,cash
174,55,2,400,2025-02-03,transfer
175,55,1,200,2024-09-30,transfer
176,55,3,500,2024-11-16,online
177,56,3,500,2024-11-24,transfer
178,56,3,500,2024-11-26,cash
179,56,3,500,2025-06-11,online
180,56,1,200,2024-10-08,cash
181,56,4,300,2025-05-06,online
182,57,2,400,2025-03-03,transfer
183,57,2,400,2025-01-19,cash
184,57,3,500,2025-08-18,cash
185,58,2,400,2024-12-30,online
186,58,3,500,2025-04-11,online
187,59,4,300,2024-11-15,online
188,59,4,300,2024-09-02,online
189,59,3,500,2025-05-21,transfer
190,60,4,300,2025-08-11,online
191,60,2,400,2025-06-28,cash
192,61,4,300,2025-03-30,cash
193,61,2,400,2024-09-30,cash
194,62,1,200,2025-04-29,online
195,62,5,150,2025-02-06,cash
196,62,4,300,2024-09-04,transfer
197,62,1,200,2025-05-09,cash
198,62,1,200,2025-01-16,transfer
199,63,2,400,2024-09-10,transfer
200,63,5,150,2025-06-20,transfer
201,63,4,300,2025-05-27,online
202,63,3,500,2025-05-13,transfer
203,64,4,300,2024-10-31,transfer
204,64,2,400,2025-07-13,online
205,64,2,400,2025-07-12,online
206,65,4,300,2025-02-18,online
207,65,5,150,2024-11-13,cash
208,65,2,400,2024-12-25,transfer
209,66,3,500,2025-05-31,transfer
210,66,2,400,2025-02-02,cash
211,66,1,200,2025-04-20,transfer
212,67,2,400,2024-12-14,transfer
213,68,1,200,2025-02-05,transfer
214,69,3,500,2025-04-03,cash
215,70,2,400,2025-04-26,online
216,70,4,300,2025-02-09,cash
217,71,4,300,2025-07-21,transfer
218,72,2,400,2025-02-27,cash
219,72,4,300,2025-02-12,online
220,73,5,150,2024-09-26,transfer
221,73,4,300,2025-08-18,cash
222,73,2,400,2025-07-19,online
223,73,2,400,2025-04-28,cash
224,73,3,500,2025-05-11,cash
225,74,1,200,2024-11-14,transfer
226,74,2,400,2025-07-03,online
227,74,3,500,2025-03-07,online
228,75,1,200,2025-03-28,transfer
229,75,5,150,2025-06-08,online
230,75,3,500,2024-12-18,online
231,76,3,500,2025-05-31,online
232,76,2,400,2025-01-11,cash
233,76,1,200,2025-08-14,online
234,76,4,300,2025-07-01,cash
235,77,5,150,2025-05-20,online
236,77,4,300,2025-01-29,cash
237,77,1,200,2024-12-18,cash
238,77,3,500,2025-02-12,cash
239,78,1,200,2025-03-19,cash
240,78,1,200,2024-12-13,transfer
241,78,4,300,2025-05-27,online
242,78,3,500,2025-07-28,online
243,78,5,150,2024-09-03,cash
244,79,2,400,2025-08-05,online
245,79,5,150,2024-09-30,transfer
246,79,4,300,2025-03-19,transfer
247,80,2,400,2025-07-07,cash
248,80,3,500,2024-09-04,cash
249,80,4,300,2024-12-02,online
250,81,1,200,2024-10-18,cash
251,81,2,400,2025-06-28,transfer
252,81,3,500,2025-07-13,transfer
253,81,1,200,2025-07-04,online
254,81,5,150,2024-10-30,online
255,82,4,300,2024-10-10,transfer
256,83,1,200,2025-02-02,transfer
257,84,3,500,2024-09-08,online
258,84,2,400,2025-04-30,transfer
259,84,2,400,2024-12-08,transfer
260,84,4,300,2024-10-29,transfer
261,84,1,200,2025-07-12,online
262,85,2,400,2024-09-14,cash
263,85,2,400,2025-06-08,online
264,86,1,200,2025-07-02,cash
265,86,2,400,2025-07-05,online
266,86,3,500,2024-11-05,transfer
267,87,1,200,2025-07-09,cash
268,87,5,150,2024-10-10,online
269,87,3,500,2025-02-27,transfer
270,87,2,400,2025-05-02,transfer
271,88,2,400,2024-11-01,cash
272,88,5,150,2025-04-19,transfer
273,88,4,300,2024-10-16,cash
274,88,3,500,2025-05-01,online
275,89,1,200,2024-10-05,transfer
276,90,2,400,2024-08-29,cash
277,90,1,200,2025-06-20,transfer
278,90,2,400,2025-07-27,transfer
279,90,2,400,2024-10-23,online
280,90,4,300,2025-08-28,cash
281,91,5,150,2024-12-22,online
282,91,2,400,2024-12-18,transfer
283,91,3,500,2025-02-21,cash
284,91,2,400,2024-11-28,transfer
285,92,3,500,2025-07-03,online
286,92,2,400,2025-07-14,transfer
287,92,4,300,2025-05-06,cash
288,92,5,150,2025-07-28,cash
289,93,2,400,2025-06-17,online
290,93,5,150,2024-11-14,transfer
291,93,3,500,2025-01-30,cash
292,93,5,150,2025-01-25,transfer
293,93,3,500,2025-02-02,transfer
294,94,2,400,2024-10-20,cash
295,95,1,200,2024-09-13,online
296,95,4,300,2024-11-26,transfer
297,95,4,300,2025-06-14,transfer
298,96,3,500,2025-04-14,transfer
299,96,4,300,2025-04-04,cash
300,96,3,500,2024-12-05,cash
301,96,2,400,2025-07-06,transfer
302,96,1,200,2024-12-11,transfer
303,97,5,150,2025-02-19,transfer
304,97,5,150,2024-10-30,online
305,97,1,200,2024-09-10,online
306,97,4,300,2024-10-05,cash
307,98,2,400,2025-08-28,cash
308,98,3,500,2024-12-14,online
309,98,1,200,2025-06-08,cash
310,98,1,200,2025-04-17,transfer
311,98,1,200,2025-05-30,online
312,99,1,200,2024-11-12,cash
313,99,1,200,2024-09-18,cash
314,99,2,400,2025-02-07,transfer
315,99,5,150,2025-04-13,online
316,99,5,150,2024-10-19,transfer
317,100,4,300,2025-08-11,transfer
318,100,1,200,2024-09-12,online
319,100,2,400,2025-07-31,cash
320,100,5,150,2025-04-11,transfer
321,100,2,400,2025-02-15,online
322,101,1,200,2025-02-04,online
323,101,4,300,2024-09-04,transfer
324,101,5,150,2024-11-20,online
325,102,1,200,2025-04-04,cash
326,102,3,500,2025-03-27,transfer
327,102,3,500,2025-03-03,cash
328,103,5,150,2024-11-24,online
329,103,2,400,2025-06-19,cash
330,104,1,200,2025-02-06,online
331,105,3,500,2024-09-08,transfer
332,105,5,150,2024-10-12,transfer
333,105,3,500,2025-08-03,online
334,106,5,150,2025-03-17,online
335,106,3,500,2024-12-23,cash
336,106,4,300,2025-07-28,cash
337,106,3,500,2024-11-26,cash
338,106,2,400,2025-06-28,cash
339,107,4,300,2025-04-15,transfer
340,107,5,150,2025-05-05,cash
341,107,4,300,2024-12-10,transfer
342,107,5,150,2025-06-01,transfer
343,108,2,400,2025-02-02,online
344,108,3,500,2025-05-22,online
345,109,1,200,2025-07-14,cash
346,110,1,200,2025-04-03,cash
347,110,5,150,2025-07-17,online
348,111,1,200,2025-02-27,online
349,111,4,300,2024-09-29,cash
350,112,4,300,2025-03-26,online
351,113,2,400,2025-03-08,transfer
352,113,1,200,2025-05-03,cash
353,113,2,400,2024-11-30,transfer
354,113,4,300,2024-09-29,online
355,113,1,200,2025-01-19,cash
356,114,3,500,2025-07-23,cash
357,115,5,150,2025-08-05,online
358,116,2,400,2025-04-30,transfer
359,117,5,150,2025-01-22,online
360,117,5,150,2025-06-20,cash
361,118,1,200,2025-07-14,online
362,118,1,200,2025-01-24,cash
363,118,4,300,2025-02-01,transfer
364,118,5,150,2025-08-14,transfer
365,118,5,150,2024-11-02,transfer
366,119,4,300,2025-07-23,online
367,119,1,200,2024-12-06,cash
368,119,3,500,2025-03-21,transfer
369,120,1,200,2025-05-28,transfer
370,120,2,400,2025-01-30,cash
371,120,5,150,2025-05-17,cash
372,121,3,500,2025-08-05,transfer
373,121,2,400,2025-07-07,online
374,122,4,300,2025-07-06,online
375,122,2,400,2025-05-31,online
376,123,2,400,2025-05-02,transfer
377,123,3,500,2025-07-06,online
378,124,4,300,2024-09-07,cash
379,124,4,300,2024-10-13,cash
380,124,3,500,2025-07-05,transfer
381,125,2,400,2025-07-30,cash
382,125,3,500,2025-06-12,transfer
383,125,4,300,2025-03-23,transfer
384,125,3,500,2025-05-20,cash
385,125,4,300,2024-11-14,cash
386,126,1,200,2024-12-24,cash
387,126,2,400,2025-08-12,online
388,127,1,200,2024-11-09,online
389,128,1,200,2025-03-04,online
390,129,4,300,2025-05-11,online
391,129,4,300,2025-08-16,transfer
392,129,5,150,2024-12-25,cash
393,129,3,500,2024-12-22,transfer
394,130,3,500,2025-05-01,transfer
395,130,4,300,2025-01-16,cash
396,130,1,200,2025-05-28,online
397,130,1,200,2025-04-27,cash
398,131,1,200,2025-05-02,transfer
399,131,1,200,2025-04-23,online
400,131,2,400,2025-05-04,transfer
401,132,2,400,2024-09-21,cash
402,133,5,150,2025-03-12,cash
403,134,3,500,2025-02-05,cash
404,135,1,200,2025-03-05,cash
405,136,4,300,2024-10-29,transfer
406,136,5,150,2025-07-31,cash
407,136,4,300,2025-01-25,online
408,137,1,200,2025-05-31,online
409,137,2,400,2025-05-07,transfer
410,137,4,300,2025-02-24,cash
411,137,4,300,2024-09-09,cash
412,138,4,300,2025-04-29,transfer
413,139,4,300,2025-01-13,online
414,140,1,200,2025-07-18,transfer
415,140,4,300,2025-02-16,cash
416,140,2,400,2025-02-12,cash
417,140,5,150,2025-03-15,online
418,140,5,150,2025-08-25,transfer
419,141,5,150,2025-03-31,transfer
420,141,5,150,2025-08-15,cash
421,141,4,300,2025-03-22,transfer
422,141,3,500,2025-02-16,transfer
423,142,3,500,2025-03-15,cash
424,142,4,300,2024-12-15,transfer
425,142,1,200,2024-10-14,transfer
426,143,2,400,2025-06-21,online
427,144,4,300,2024-11-13,online
428,144,2,400,2024-08-30,online
429,144,5,150,2025-04-23,cash
430,145,5,150,2025-03-20,transfer
431,145,4,300,2024-12-19,cash
432,145,1,200,2024-11-29,transfer
433,145,5,150,2025-06-06,cash
434,146,1,200,2024-12-27,online
435,146,4,300,2025-05-11,cash
436,146,1,200,2025-08-26,transfer
437,147,4,300,2024-12-04,cash
438,147,3,500,2024-09-02,cash
439,148,3,500,2024-12-03,transfer
440,148,3,500,2025-04-11,transfer
441,149,5,150,2024-10-08,cash
442,149,4,300,2025-01-16,cash
443,149,4,300,2025-01-31,online
444,149,2,400,2025-01-19,online
445,149,4,300,2024-12-15,transfer
446,150,5,150,2024-09-14,transfer
447,150,4,300,2025-06-05,cash
448,151,3,500,2025-02-15,cash
449,151,1,200,2024-09-04,online
450,151,4,300,2025-02-12,online
451,151,5,150,2024-12-25,cash
452,152,2,400,2025-07-11,transfer
453,153,1,200,2025-05-14,cash
454,153,1,200,2024-09-22,cash
455,153,5,150,2024-09-06,cash
456,153,4,300,2025-03-09,cash
457,153,1,200,2025-06-16,transfer
458,154,4,300,2025-02-27,online
459,154,1,200,2025-01-04,transfer
460,154,1,200,2025-04-26,online
461,154,4,300,2025-07-28,cash
462,155,2,400,2024-09-27,online
463,156,4,300,2025-05-09,transfer
464,156,5,150,2024-12-27,transfer
465,156,4,300,2025-07-07,online
466,157,1,200,2025-06-13,online
467,157,2,400,2025-02-21,transfer
468,157,3,500,2025-02-04,cash
469,157,1,200,2025-03-25,online
470,158,5,150,2025-06-11,cash
471,158,2,400,2025-05-29,online
472,159,4,300,2025-03-25,online
473,159,4,300,2025-07-21,transfer
474,159,1,200,2025-01-05,cash
475,160,1,200,2025-08-21,cash
476,160,3,500,2025-03-28,cash
477,160,5,150,2024-12-23,cash
478,161,2,400,2024-09-09,online
479,162,1,200,2025-08-15,cash
480,163,1,200,2025-03-12,transfer
481,164,4,300,2025-04-19,online
482,164,1,200,2024-09-09,cash
483,165,3,500,2025-03-13,transfer
484,165,4,300,2025-04-21,online
485,166,1,200,2025-01-21,cash
486,166,4,300,2025-07-04,cash
487,166,3,500,2024-09-06,online
488,166,2,400,2025-08-07,online
489,167,4,300,2024-12-11,cash
490,167,3,500,2025-01-02,transfer
491,168,5,150,2025-03-29,online
492,169,2,400,2025-08-02,cash
493,170,2,400,2025-03-10,online
494,171,4,300,2024-10-26,cash
495,171,1,200,2024-09-22,transfer
496,171,1,200,2025-05-20,cash
497,172,2,400,2025-05-23,transfer
498,172,3,500,2025-06-26,transfer
499,173,1,200,2024-10-09,transfer
500,173,1,200,2024-11-27,online
501,173,3,500,2025-08-18,online
502,173,2,400,2025-06-07,online
503,173,1,200,2025-07-31,online
504,174,5,150,2024-10-30,online
505,174,2,400,2024-10-08,transfer
506,174,4,300,2025-01-14,transfer
507,174,5,150,2025-07-17,online
508,175,4,300,2024-10-04,online
509,175,2,400,2025-06-05,online
510,176,1,200,2025-01-24,transfer
511,176,3,500,2024-12-31,online
512,177,5,150,2025-06-27,online
513,177,4,300,2025-03-06,transfer
514,177,3,500,2025-03-29,online
515,177,5,150,2025-02-23,online
516,177,3,500,2025-06-13,online
517,178,3,500,2025-08-04,transfer
518,179,2,400,2025-02-02,transfer
519,180,3,500,2025-04-28,transfer
520,180,1,200,2025-01-01,online
521,180,4,300,2025-02-16,online
522,181,3,500,2025-01-17,cash
523,182,5,150,2025-03-07,transfer
524,183,4,300,2025-04-11,transfer
525,184,2,400,2024-11-11,transfer
526,184,4,300,2025-05-03,cash
527,184,4,300,2024-10-05,cash
528,184,3,500,2024-09-23,transfer
529,185,3,500,2024-10-06,transfer
530,186,5,150,2025-02-21,transfer
531,186,4,300,2024-12-07,online
532,186,2,400,2025-05-21,cash
533,187,5,150,2025-03-26,online
534,187,3,500,2025-08-12,online
535,187,4,300,2025-04-29,online
536,187,2,400,2025-08-08,transfer
537,187,2,400,2024-10-10,online
538,188,5,150,2024-09-17,online
539,188,2,400,2025-01-16,transfer
540,189,5,150,2025-05-27,cash
541,190,2,400,2024-09-13,online
542,190,1,200,2025-05-28,online
543,190,3,500,2025-03-19,online
544,190,1,200,2025-02-24,cash
545,191,5,150,2024-12-26,transfer
546,192,5,150,2025-08-10,transfer
547,192,4,300,2025-05-20,transfer
548,192,3,500,2025-01-08,online
549,192,2,400,2024-10-02,online
550,192,3,500,2025-08-15,online
551,193,1,200,2024-12-13,cash
552,193,4,300,2025-05-06,online
553,193,1,200,2025-07-30,cash
554,194,2,400,2025-07-02,transfer
555,194,5,150,2025-07-05,online
556,195,4,300,2025-08-14,online
557,195,4,300,2025-03-04,transfer
558,195,4,300,2025-02-28,cash
559,195,2,400,2024-11-16,cash
560,196,3,500,2024-11-27,online
561,196,2,400,2025-06-28,online
562,197,1,200,2024-10-10,transfer
563,197,1,200,2024-10-21,transfer
564,197,5,150,2024-09-30,online
565,197,4,300,2024-11-13,transfer
566,198,5,150,2025-04-26,online
567,199,4,300,2024-10-12,transfer
568,199,1,200,2025-01-28,online
569,199,4,300,2025-06-03,transfer
570,200,2,400,2024-11-12,transfer
571,201,5,150,2024-10-19,transfer
572,201,1,200,2025-02-02,transfer
573,202,2,400,2025-02-24,online
574,202,2,400,2025-04-20,transfer
575,202,1,200,2025-05-09,online
576,202,1,200,2025-07-29,online
577,202,3,500,2025-08-04,cash
578,203,2,400,2024-12-25,online
579,203,1,200,2025-04-13,cash
580,203,5,150,2025-08-08,online
581,203,5,150,2025-02-13,transfer
582,204,1,200,2025-05-21,online
583,204,3,500,2024-11-07,cash
584,205,4,300,2025-06-28,transfer
585,205,5,150,2025-07-16,online
586,205,4,300,2024-12-02,online
587,205,1,200,2025-07-08,online
588,206,1,200,2025-07-03,online
589,206,3,500,2025-01-08,transfer
590,206,4,300,2025-06-29,online
591,206,1,200,2024-11-18,cash
592,206,4,300,2024-11-26,transfer
593,207,4,300,2024-11-19,transfer
594,208,2,400,2025-03-06,cash
595,209,2,400,2025-03-07,online
596,209,4,300,2024-09-19,online
597,209,2,400,2024-11-14,online
598,210,5,150,2025-07-09,cash
599,210,5,150,2025-02-24,online
600,211,4,300,2025-01-18,transfer
601,211,1,200,2025-03-12,transfer
602,211,4,300,2025-07-21,cash
603,212,3,500,2025-02-09,online
604,212,1,200,2025-01-31,transfer
605,213,1,200,2025-03-05,cash
606,213,5,150,2025-05-22,online
607,213,2,400,2025-07-30,online
608,213,5,150,2025-02-25,online
609,213,4,300,2024-09-25,online
610,214,2,400,2025-01-15,online
611,214,1,200,2025-08-28,online
612,214,3,500,2025-04-24,online
613,214,1,200,2025-01-24,online
614,214,1,200,2025-04-26,online
615,215,1,200,2025-01-19,transfer
616,215,2,400,2025-06-11,cash
617,216,1,200,2024-09-10,cash
618,217,4,300,2025-07-11,transfer
619,218,2,400,2025-06-20,cash
620,219,1,200,2025-06-27,cash
621,219,3,500,2024-10-13,online
622,220,1,200,2024-09-14,transfer
623,220,2,400,2025-05-26,transfer
624,220,5,150,2025-01-08,online
625,221,3,500,2025-08-07,cash
626,222,1,200,2024-11-04,cash
627,222,4,300,2025-06-20,online
628,222,3,500,2024-12-01,transfer
629,222,2,400,2024-12-18,transfer
630,222,5,150,2025-03-28,transfer
631,223,3,500,2025-06-15,online
632,223,4,300,2025-03-29,cash
633,223,4,300,2025-04-19,transfer
634,223,3,500,2025-07-17,online
635,224,5,150,2025-08-12,online
636,224,1,200,2025-08-23,transfer
637,224,2,400,2025-08-02,transfer
638,225,1,200,2024-11-10,cash
639,225,2,400,2024-12-30,transfer
640,225,3,500,2025-06-18,cash
641,226,1,200,2025-02-16,transfer
642,227,2,400,2025-07-11,transfer
643,228,5,150,2024-09-01,cash
644,229,1,200,2024-12-04,online
645,229,4,300,2024-10-19,online
646,229,3,500,2024-09-04,online
647,230,3,500,2025-02-05,transfer
648,230,1,200,2025-04-22,cash
649,230,3,500,2025-05-10,online
650,230,2,400,2025-01-31,cash
651,231,5,150,2024-10-01,transfer
652,231,4,300,2024-11-26,cash
653,231,4,300,2025-06-29,transfer
654,232,5,150,2025-07-22,cash
655,232,5,150,2025-05-05,online
656,233,5,150,2025-02-20,transfer
657,233,2,400,2025-08-05,cash
658,233,4,300,2025-03-29,cash
659,234,5,150,2024-11-03,transfer
660,234,3,500,2025-05-10,transfer
661,234,4,300,2024-12-10,transfer
662,234,2,400,2025-04-05,transfer
663,234,4,300,2025-04-10,transfer
664,235,1,200,2025-05-31,cash
665,235,1,200,2024-10-05,online
666,235,1,200,2025-06-19,transfer
667,236,1,200,2025-07-01,online
668,236,3,500,2024-08-29,online
669,236,5,150,2025-08-23,cash
670,236,4,300,2025-01-04,transfer
671,236,1,200,2025-08-24,transfer
672,237,5,150,2025-05-31,transfer
673,237,5,150,2025-08-06,cash
674,237,3,500,2024-12-12,online
675,237,4,300,2024-12-09,online
676,237,1,200,2025-08-01,cash
677,238,4,300,2025-01-13,online
678,238,3,500,2025-07-07,online
679,238,5,150,2024-09-25,cash
680,238,3,500,2025-04-12,cash
681,238,4,300,2025-07-27,transfer
682,239,1,200,2025-01-07,online
683,239,1,200,2025-06-01,online
684,240,3,500,2024-12-29,online
685,240,4,300,2024-12-11,online
686,240,5,150,2024-11-10,online
687,240,5,150,2025-01-26,transfer
688,241,2,400,2025-01-18,online
689,241,3,500,2025-05-15,transfer
690,241,2,400,2024-09-25,online
691,242,5,150,2025-08-25,transfer
692,242,1,200,2025-01-11,online
693,242,1,200,2025-05-27,transfer
694,242,3,500,2025-03-06,cash
695,243,1,200,2025-07-07,cash
696,243,1,200,2025-01-07,transfer
697,243,1,200,2024-10-31,online
698,243,5,150,2024-12-26,online
699,244,2,400,2025-05-16,transfer
700,245,5,150,2025-01-16,transfer
701,245,2,400,2025-06-12,transfer
702,245,4,300,2025-03-31,online
703,245,4,300,2024-09-25,cash
704,245,1,200,2025-08-29,online
705,246,5,150,2025-08-25,transfer
706,246,1,200,2025-07-15,transfer
707,247,3,500,2025-02-09,transfer
708,248,2,400,2025-01-29,online
709,248,4,300,2024-09-30,cash
710,248,2,400,2025-04-23,cash
711,249,3,500,2025-07-02,online
712,249,1,200,2025-04-21,cash
713,249,2,400,2025-05-21,transfer
714,250,4,300,2025-07-31,transfer
715,251,4,300,2025-05-14,cash
716,251,5,150,2025-05-13,online
717,251,1,200,2025-04-26,cash
718,251,3,500,2025-02-25,cash
719,252,2,400,2025-06-21,cash
720,252,1,200,2024-11-05,online
721,252,4,300,2024-11-04,transfer
722,253,2,400,2025-07-22,cash
723,254,5,150,2024-10-27,transfer
724,254,1,200,2025-07-26,transfer
725,254,3,500,2025-04-21,transfer
726,254,4,300,2024-12-09,online
727,254,2,400,2025-07-17,transfer
728,255,3,500,2024-12-15,cash
729,255,3,500,2025-03-19,transfer
730,255,5,150,2025-08-13,online
731,256,4,300,2025-02-16,online
732,256,5,150,2025-05-20,cash
733,256,1,200,2025-07-03,online
734,256,4,300,2025-07-20,cash
735,257,3,500,2025-04-11,transfer
736,257,1,200,2025-05-22,online
737,258,5,150,2025-02-17,online
738,258,2,400,2025-05-06,transfer
739,258,3,500,2025-07-03,transfer
740,259,3,500,2025-03-06,transfer
741,259,4,300,2025-03-09,online
742,259,4,300,2025-03-04,cash
743,259,3,500,2025-05-04,online
744,259,2,400,2024-10-01,online
745,260,2,400,2025-06-15,online
746,261,3,500,2025-06-22,transfer
747,262,2,400,2025-04-07,cash
748,262,3,500,2025-03-15,cash
749,262,1,200,2025-03-04,cash
750,262,3,500,2025-07-04,cash
751,262,1,200,2024-12-31,cash
752,263,1,200,2025-05-24,cash
753,264,4,300,2025-07-02,online
754,264,4,300,2025-07-13,cash
755,264,1,200,2025-07-10,online
756,264,2,400,2025-05-02,online
757,264,2,400,2025-02-02,online
758,265,2,400,2024-12-22,cash
759,265,4,300,2024-11-25,transfer
760,266,2,400,2025-04-08,online
761,266,5,150,2024-09-24,transfer
762,266,5,150,2025-03-08,online
763,267,3,500,2025-07-23,cash
764,268,4,300,2025-02-22,online
765,268,4,300,2025-07-18,online
766,268,4,300,2025-02-19,cash
767,268,5,150,2024-10-16,online
768,268,1,200,2025-05-09,transfer
769,269,3,500,2025-01-16,online
770,270,3,500,2025-07-18,online
771,271,5,150,2025-07-29,online
772,271,3,500,2025-07-09,online
773,272,1,200,2025-04-05,transfer
774,272,5,150,2025-07-22,cash
775,273,1,200,2025-08-28,transfer
776,273,3,500,2024-12-17,online
777,274,3,500,2025-06-11,online
778,274,2,400,2025-04-17,transfer
779,274,1,200,2025-06-10,transfer
780,274,1,200,2025-07-26,online
781,274,5,150,2025-03-09,online
782,275,5,150,2025-05-24,online
783,276,1,200,2024-09-21,transfer
784,276,5,150,2025-04-07,online
785,276,3,500,2024-09-27,online
786,276,5,150,2025-07-22,online
787,277,3,500,2025-02-21,online
788,277,4,300,2025-02-17,cash
789,277,5,150,2024-11-29,transfer
790,277,3,500,2025-05-02,online
791,277,3,500,2025-02-16,cash
792,278,2,400,2024-12-10,cash
793,278,4,300,2024-09-07,online
794,278,5,150,2024-10-28,cash
795,278,5,150,2025-07-07,transfer
796,278,5,150,2024-09-03,cash
797,279,1,200,2025-02-12,online
798,280,4,300,2025-06-25,cash
799,280,2,400,2024-09-09,cash
800,280,2,400,2025-01-09,online
801,280,2,400,2025-06-30,cash
802,280,2,400,2024-09-01,transfer
803,281,2,400,2025-01-07,transfer
804,281,3,500,2025-04-28,transfer
805,282,4,300,2024-09-19,online
806,282,3,500,2024-11-18,cash
807,282,2,400,2025-04-21,online
808,282,3,500,2024-10-13,online
809,283,3,500,2025-06-09,transfer
810,283,1,200,2024-09-09,cash
811,283,2,400,2024-08-31,cash
812,283,2,400,2025-01-09,transfer
813,283,3,500,2025-06-16,transfer
814,284,5,150,2024-12-23,transfer
815,284,4,300,2024-10-11,online
816,284,4,300,2025-06-04,online
817,284,4,300,2024-12-11,online
818,284,4,300,2024-10-05,transfer
819,285,4,300,2024-11-26,cash
820,285,1,200,2025-06-08,online
821,286,3,500,2025-08-27,online
822,286,1,200,2025-07-03,cash
823,286,5,150,2024-10-25,transfer
824,286,4,300,2024-12-09,online
825,287,3,500,2025-08-10,online
826,287,1,200,2024-09-27,online
827,287,1,200,2025-07-15,cash
828,287,3,500,2025-06-10,online
829,288,4,300,2024-11-07,online
830,288,2,400,2025-06-20,online
831,288,5,150,2024-11-18,cash
832,288,2,400,2025-02-04,online
833,288,1,200,2024-12-25,cash
834,289,4,300,2025-03-19,transfer
835,289,4,300,2025-05-25,transfer
836,289,5,150,2025-06-21,transfer
837,289,1,200,2025-05-24,online
838,290,5,150,2025-02-10,cash
839,290,4,300,2024-10-15,cash
840,290,5,150,2024-11-29,cash
841,291,5,150,2025-06-12,cash
842,291,1,200,2024-09-18,online
843,292,5,150,2025-07-22,online
844,292,3,500,2024-12-02,cash
845,292,3,500,2024-12-07,cash
846,292,2,400,2024-12-08,cash
847,292,5,150,2024-10-18,cash
848,293,4,300,2024-11-27,cash
849,293,5,150,2025-04-21,online
850,294,2,400,2025-04-21,online
851,295,5,150,2025-02-24,transfer
852,295,1,200,2025-08-24,cash
853,295,4,300,2024-09-07,cash
854,296,3,500,2025-06-22,cash
855,296,4,300,2025-04-16,online
856,296,5,150,2025-05-02,online
857,297,5,150,2025-04-02,cash
858,297,4,300,2025-03-07,online
859,298,5,150,2024-11-29,cash
860,299,1,200,2025-04-14,transfer
861,299,2,400,2025-02-24,transfer
862,300,5,150,2025-04-03,cash
863,300,3,500,2024-10-31,transfer
864,300,1,200,2024-09-14,transfer
865,301,5,150,2025-03-15,transfer
866,302,3,500,2025-05-11,transfer
867,302,3,500,2025-06-13,online
868,302,4,300,2024-11-18,online
869,302,1,200,2025-05-23,cash
870,302,5,150,2024-09-23,online
871,303,5,150,2025-02-11,cash
872,303,2,400,2024-12-21,transfer
873,304,1,200,2024-10-17,cash
874,304,1,200,2025-08-01,transfer
875,305,1,200,2025-01-12,online
876,306,5,150,2024-10-29,transfer
877,306,3,500,2024-09-14,online
878,306,2,400,2025-02-04,online
879,306,5,150,2025-06-27,transfer
880,306,2,400,2025-05-08,cash
881,307,4,300,2025-01-21,online
882,307,1,200,2024-11-07,online
883,308,2,400,2025-04-08,online
884,308,5,150,2025-04-09,transfer
885,308,4,300,2025-03-30,transfer
886,308,3,500,2025-02-04,online
887,308,3,500,2025-03-24,transfer
888,309,3,500,2025-03-31,online
889,309,3,500,2025-01-06,cash
890,309,4,300,2024-10-23,transfer
891,309,2,400,2025-03-29,transfer
892,309,3,500,2025-05-29,cash
893,310,3,500,2024-10-16,transfer
894,310,1,200,2025-07-08,online
895,310,3,500,2025-02-28,online
896,311,5,150,2024-10-13,cash
897,311,2,400,2024-11-15,online
898,312,1,200,2024-11-20,cash
899,312,4,300,2025-05-28,transfer
900,313,5,150,2025-07-21,cash
901,313,1,200,2025-08-18,online
902,313,2,400,2025-03-29,online
903,313,1,200,2024-10-19,cash
904,313,4,300,2025-06-30,transfer
905,314,3,500,2024-08-31,transfer
906,314,1,200,2024-12-02,transfer
907,315,2,400,2024-10-10,online
908,315,2,400,2024-11-20,online
909,315,2,400,2024-09-12,transfer
910,315,5,150,2025-02-09,cash
911,316,4,300,2024-12-11,online
912,316,1,200,2024-11-07,transfer
913,316,1,200,2024-12-29,cash
914,317,2,400,2024-11-25,transfer
915,317,4,300,2025-01-05,online
916,317,2,400,2025-03-07,online
917,318,4,300,2024-12-07,transfer
918,318,3,500,2025-01-03,transfer
919,318,3,500,2025-04-17,transfer
920,319,5,150,2024-12-24,online
921,319,4,300,2025-02-06,cash
922,319,5,150,2025-02-14,online
923,320,5,150,2025-03-29,online
924,321,3,500,2024-12-24,transfer
925,321,4,300,2025-07-22,cash
926,321,1,200,2024-10-12,cash
927,322,5,150,2025-08-03,cash
928,322,2,400,2025-01-29,transfer
929,322,2,400,2025-02-26,cash
930,322,3,500,2025-03-01,transfer
931,322,5,150,2025-01-03,cash
932,323,2,400,2025-05-09,transfer
933,323,2,400,2024-10-23,cash
934,323,5,150,2025-07-04,transfer
935,324,5,150,2025-06-23,cash
936,325,1,200,2024-09-23,transfer
937,325,5,150,2025-04-28,online
938,325,4,300,2024-11-18,cash
939,325,2,400,2025-05-27,online
940,325,2,400,2025-07-29,online
941,326,2,400,2024-12-18,online
942,327,3,500,2025-02-24,cash
943,327,3,500,2025-06-11,transfer
944,327,4,300,2025-07-24,cash
945,328,5,150,2025-08-18,transfer
946,328,1,200,2025-03-29,online
947,328,3,500,2024-11-14,cash
948,329,1,200,2024-10-13,transfer
949,329,1,200,2025-08-20,transfer
950,329,3,500,2025-03-01,online
951,329,5,150,2025-05-05,online
952,330,1,200,2024-09-08,transfer
953,331,5,150,2024-12-29,transfer
954,332,1,200,2025-06-26,online
955,332,4,300,2025-07-28,cash
956,333,3,500,2024-11-08,transfer
957,334,5,150,2025-06-11,transfer
958,334,3,500,2025-03-16,cash
959,334,5,150,2025-08-16,cash
960,335,3,500,2024-10-07,transfer
961,335,3,500,2025-07-20,online
962,335,1,200,2025-01-30,cash
963,335,2,400,2025-01-03,cash
964,336,1,200,2025-02-05,transfer
965,336,2,400,2025-01-09,online
966,336,1,200,2024-12-14,transfer
967,336,1,200,2025-02-06,transfer
968,337,2,400,2025-04-14,transfer
969,337,1,200,2024-11-29,cash
970,337,3,500,2025-05-15,online
971,337,4,300,2024-10-21,transfer
972,338,4,300,2024-11-19,online
973,338,3,500,2024-10-01,transfer
974,338,1,200,2025-08-04,cash
975,339,1,200,2025-03-02,cash
976,340,5,150,2024-11-03,transfer
977,340,4,300,2024-12-24,cash
978,340,3,500,2024-09-09,transfer
979,340,4,300,2024-10-05,transfer
980,341,1,200,2025-06-13,cash
981,341,1,200,2025-06-09,cash
982,341,3,500,2025-06-06,transfer
983,341,3,500,2025-06-27,transfer
984,341,4,300,2025-07-30,online
985,342,3,500,2025-05-24,online
986,342,3,500,2025-05-31,transfer
987,342,3,500,2025-01-11,online
988,342,2,400,2025-04-22,cash
989,343,2,400,2025-06-19,cash
990,343,5,150,2025-04-06,online
991,343,3,500,2025-05-18,transfer
992,343,1,200,2024-11-04,online
993,343,5,150,2025-01-29,transfer
994,344,2,400,2024-12-30,cash
995,345,2,400,2025-07-18,online
996,346,5,150,2025-02-22,online
997,346,2,400,2025-02-09,online
998,346,4,300,2024-11-05,cash
999,346,4,300,2025-01-13,cash
1000,346,3,500,2024-12-16,transfer
1001,347,1,200,2024-10-19,transfer
1002,347,3,500,2025-01-01,cash
1003,347,5,150,2025-04-04,transfer
1004,347,4,300,2025-05-26,transfer
1005,348,2,400,2025-08-19,cash
1006,348,1,200,2024-10-06,cash
1007,348,4,300,2024-09-01,cash
1008,348,3,500,2025-04-20,online
1009,349,5,150,2024-11-15,online
1010,350,4,300,2025-01-19,transfer
1011,350,3,500,2024-11-19,online
1012,350,4,300,2024-11-22,cash
1013,350,4,300,2024-12-27,cash
1014,350,3,500,2025-01-25,transfer
1015,351,1,200,2025-04-21,online
1016,351,5,150,2025-05-26,cash
1017,351,1,200,2025-04-06,cash
1018,351,4,300,2025-08-17,online
1019,352,2,400,2025-07-30,transfer
1020,353,2,400,2025-06-22,online
1021,353,1,200,2024-12-25,cash
1022,353,3,500,2025-05-13,transfer
1023,354,2,400,2025-05-09,online
1024,354,5,150,2024-09-10,online
1025,354,4,300,2024-11-17,transfer
1026,355,4,300,2025-01-03,transfer
1027,355,5,150,2025-03-16,transfer
1028,355,1,200,2025-04-18,online
1029,356,2,400,2024-11-25,cash
1030,356,4,300,2025-04-27,online
1031,356,1,200,2025-01-12,cash
1032,356,2,400,2025-03-01,transfer
1033,357,1,200,2025-05-04,transfer
1034,357,4,300,2024-10-17,cash
1035,357,4,300,2025-02-03,online
1036,357,5,150,2024-12-03,transfer
1037,357,1,200,2025-05-21,transfer
1038,358,5,150,2024-09-25,transfer
1039,358,5,150,2024-09-15,online
1040,358,4,300,2025-04-04,cash
1041,358,1,200,2024-11-25,online
1042,359,4,300,2025-03-05,cash
1043,360,1,200,2025-02-09,cash
1044,360,3,500,2025-01-02,transfer
1045,361,1,200,2024-10-11,online
1046,361,1,200,2025-01-04,transfer
1047,361,4,300,2024-11-25,transfer
1048,362,4,300,2025-06-12,cash
1049,362,2,400,2025-07-05,cash
1050,362,2,400,2025-01-25,online
1051,363,4,300,2024-10-12,online
1052,363,1,200,2025-05-02,transfer
1053,363,1,200,2025-01-21,transfer
1054,363,1,200,2024-12-05,transfer
1055,364,4,300,2025-03-02,cash
1056,365,2,400,2025-04-04,transfer
1057,366,5,150,2024-09-13,online
1058,366,2,400,2025-08-18,transfer
1059,367,2,400,2024-10-04,transfer
1060,367,2,400,2024-11-21,cash
1061,367,2,400,2025-08-18,online
1062,368,1,200,2025-02-05,online
1063,368,2,400,2025-04-22,cash
1064,368,3,500,2025-03-04,cash
1065,368,1,200,2025-03-13,transfer
1066,368,2,400,2025-03-10,cash
1067,369,2,400,2025-01-03,transfer
1068,369,2,400,2025-03-12,online
1069,369,2,400,2024-12-08,cash
1070,369,4,300,2024-12-08,transfer
1071,370,2,400,2025-08-22,cash
1072,370,3,500,2024-12-23,cash
1073,370,4,300,2024-12-23,online
1074,370,5,150,2024-09-27,cash
1075,371,4,300,2025-02-24,online
1076,371,1,200,2024-12-17,transfer
1077,372,3,500,2025-01-30,transfer
1078,373,2,400,2024-09-22,transfer
1079,373,5,150,2025-05-26,cash
1080,373,5,150,2025-04-07,cash
1081,374,4,300,2025-08-23,cash
1082,374,3,500,2025-05-04,transfer
1083,374,2,400,2025-07-06,online
1084,375,3,500,2025-03-16,cash
1085,375,5,150,2025-04-11,online
1086,375,2,400,2025-01-07,transfer
1087,375,2,400,2025-01-29,online
1088,375,2,400,2025-08-18,cash
1089,376,4,300,2024-12-24,cash
1090,376,4,300,2025-08-03,transfer
1091,376,5,150,2025-05-03,online
1092,377,1,200,2025-07-11,cash
1093,377,1,200,2025-01-15,transfer
1094,378,5,150,2024-09-13,transfer
1095,378,3,500,2024-09-09,online
1096,378,5,150,2024-10-09,online
1097,378,4,300,2025-07-16,transfer
1098,378,1,200,2025-08-19,transfer
1099,379,1,200,2025-02-06,cash
1100,379,3,500,2025-01-19,online
1101,379,1,200,2025-04-05,online
1102,380,1,200,2024-12-18,online
1103,380,4,300,2025-06-17,online
1104,380,4,300,2024-11-20,cash
1105,380,1,200,2024-09-10,transfer
1106,381,3,500,2025-03-22,transfer
1107,381,5,150,2024-12-14,online
1108,382,1,200,2024-12-18,cash
1109,382,2,400,2024-12-18,online
1110,382,5,150,2025-02-06,online
1111,383,1,200,2024-10-21,online
1112,383,5,150,2024-11-20,transfer
1113,383,2,400,2024-08-30,transfer
1114,383,2,400,2024-09-04,online
1115,384,5,150,2024-10-10,online
1116,385,3,500,2024-12-10,transfer
1117,385,1,200,2025-02-21,cash
1118,386,4,300,2024-10-17,online
1119,387,3,500,2025-01-23,transfer
1120,387,5,150,2025-04-08,transfer
1121,387,4,300,2024-10-30,transfer
1122,387,3,500,2025-05-10,online
1123,388,4,300,2025-05-27,online
1124,388,1,200,2024-10-14,online
1125,388,1,200,2025-04-09,transfer
1126,389,2,400,2025-03-01,cash
1127,389,2,400,2025-02-25,transfer
1128,390,4,300,2024-09-17,online
1129,391,1,200,2025-05-16,transfer
1130,391,4,300,2025-04-18,online
1131,391,1,200,2025-07-18,online
1132,392,2,400,2025-06-05,transfer
1133,392,5,150,2025-01-10,online
1134,392,3,500,2025-05-13,online
1135,393,5,150,2025-02-10,cash
1136,393,3,500,2025-08-09,online
1137,394,4,300,2025-04-21,transfer
1138,395,1,200,2025-06-11,online
1139,396,2,400,2025-06-18,transfer
1140,396,2,400,2025-02-27,cash
1141,396,1,200,2024-11-03,cash
1142,397,2,400,2024-11-28,cash
1143,397,5,150,2025-04-06,transfer
1144,397,1,200,2024-12-28,transfer
1145,398,5,150,2025-01-26,transfer
1146,398,2,400,2025-03-28,transfer
1147,398,4,300,2024-09-06,cash
1148,398,3,500,2024-10-04,online
1149,398,1,200,2025-06-24,online
1150,399,5,150,2025-05-03,online
1151,399,1,200,2024-12-25,online
1152,399,2,400,2025-05-22,transfer
1153,400,4,300,2025-06-20,transfer
1154,400,5,150,2025-02-15,online
1155,400,3,500,2025-03-29,online
1156,400,1,200,2025-04-02,cash
1157,401,1,200,2025-03-29,transfer
1158,401,2,400,2024-09-25,online
1159,401,3,500,2025-02-21,transfer
1160,401,5,150,2025-08-24,transfer
1161,402,1,200,2024-12-10,cash
1162,402,5,150,2025-03-20,cash
1163,402,4,300,2024-12-27,cash
1164,402,4,300,2025-04-25,online
1165,403,3,500,2025-06-22,cash
1166,404,4,300,2025-06-12,cash
1167,404,3,500,2025-06-08,online
1168,405,1,200,2024-09-03,transfer
1169,405,1,200,2024-10-03,online
1170,405,1,200,2024-09-22,transfer
1171,405,1,200,2024-11-26,transfer
1172,406,3,500,2025-05-11,online
1173,406,5,150,2024-09-02,cash
1174,406,5,150,2025-05-22,cash
1175,407,1,200,2024-10-12,online
1176,407,4,300,2024-11-11,cash
1177,407,3,500,2025-06-28,online
1178,407,5,150,2024-09-20,cash
1179,408,1,200,2024-11-04,cash
1180,408,5,150,2025-05-25,online
1181,408,5,150,2025-05-02,transfer
1182,408,3,500,2025-04-02,transfer
1183,408,3,500,2024-11-09,transfer
1184,409,1,200,2024-11-24,cash
1185,409,5,150,2025-06-16,cash
1186,409,4,300,2025-06-17,transfer
1187,409,1,200,2025-03-13,cash
1188,409,3,500,2025-06-18,transfer
1189,410,4,300,2025-05-05,transfer
1190,410,4,300,2025-06-21,cash
1191,411,3,500,2025-03-19,transfer
1192,411,5,150,2024-12-03,online
1193,412,3,500,2025-06-15,cash
1194,412,2,400,2025-01-16,online
1195,412,5,150,2024-09-11,cash
1196,412,3,500,2025-08-27,online
1197,412,5,150,2025-01-28,online
1198,413,5,150,2024-12-25,transfer
1199,413,5,150,2025-03-30,online
1200,413,3,500,2025-03-27,cash
1201,413,5,150,2025-08-01,online
1202,414,4,300,2024-12-09,online
1203,415,3,500,2024-11-26,cash
1204,415,1,200,2024-10-01,transfer
1205,416,4,300,2024-12-15,online
1206,416,1,200,2025-04-28,online
1207,416,3,500,2025-02-09,transfer
1208,416,4,300,2025-04-04,cash
1209,416,4,300,2024-11-13,cash
1210,417,5,150,2025-08-21,cash
1211,417,1,200,2025-01-16,online
1212,417,2,400,2025-06-10,transfer
1213,417,5,150,2025-04-11,online
1214,417,4,300,2025-08-06,cash
1215,418,5,150,2025-01-11,transfer
1216,418,2,400,2025-01-02,online
1217,418,4,300,2025-03-29,cash
1218,419,5,150,2025-03-04,cash
1219,419,4,300,2024-10-22,cash
1220,419,4,300,2025-06-09,online
1221,419,5,150,2025-06-16,transfer
1222,420,2,400,2024-10-21,cash
1223,420,3,500,2025-06-01,transfer
1224,421,1,200,2025-08-01,cash
1225,421,2,400,2025-03-31,cash
1226,422,3,500,2025-02-15,online
1227,423,5,150,2025-05-30,cash
1228,423,2,400,2025-07-19,cash
1229,423,3,500,2025-02-16,cash
1230,423,1,200,2024-09-23,cash
1231,424,1,200,2025-06-04,transfer
1232,424,2,400,2025-08-20,transfer
1233,425,4,300,2025-04-27,online
1234,425,2,400,2025-04-17,online
1235,425,5,150,2024-09-21,transfer
1236,425,1,200,2025-01-05,cash
1237,426,2,400,2024-10-18,transfer
1238,426,4,300,2025-08-09,online
1239,426,2,400,2024-09-23,online
1240,426,3,500,2025-07-13,online
1241,427,3,500,2025-02-08,cash
1242,427,5,150,2025-07-27,cash
1243,428,3,500,2025-07-05,cash
1244,428,3,500,2024-12-01,transfer
1245,428,1,200,2025-01-28,transfer
1246,428,2,400,2024-11-08,transfer
1247,429,4,300,2024-09-12,transfer
1248,429,3,500,2025-03-17,online
1249,430,5,150,2024-11-14,transfer
1250,430,4,300,2025-04-25,transfer
1251,431,5,150,2024-09-02,transfer
1252,432,3,500,2025-08-14,transfer
1253,432,3,500,2025-01-08,cash
1254,433,3,500,2024-12-08,transfer
1255,433,4,300,2025-01-03,transfer
1256,433,5,150,2025-04-03,online
1257,433,5,150,2024-10-29,transfer
1258,433,1,200,2024-08-30,transfer
1259,434,5,150,2025-01-20,cash
1260,434,3,500,2025-02-15,transfer
1261,434,5,150,2024-12-14,cash
1262,434,1,200,2024-10-28,online
1263,435,1,200,2025-01-24,cash
1264,435,4,300,2025-01-19,transfer
1265,435,4,300,2025-08-10,transfer
1266,435,2,400,2024-12-11,online
1267,436,3,500,2025-02-09,cash
1268,436,4,300,2024-09-07,transfer
1269,436,1,200,2024-09-10,online
1270,436,5,150,2024-12-25,transfer
1271,436,1,200,2025-01-15,cash
1272,437,4,300,2024-11-05,online
1273,437,1,200,2025-07-05,transfer
1274,437,2,400,2024-10-20,online
1275,438,2,400,2025-08-19,transfer
1276,438,3,500,2025-08-26,transfer
1277,438,1,200,2025-02-04,online
1278,438,2,400,2025-02-09,transfer
1279,439,1,200,2025-08-06,transfer
1280,439,4,300,2024-10-05,online
1281,439,3,500,2025-07-22,cash
1282,440,3,500,2025-06-27,online
1283,441,3,500,2025-01-18,transfer
1284,441,4,300,2025-08-01,transfer
1285,441,2,400,2025-03-15,cash
1286,442,4,300,2025-01-28,cash
1287,442,3,500,2024-11-07,transfer
1288,442,5,150,2025-03-24,transfer
1289,442,2,400,2025-07-22,transfer
1290,443,4,300,2024-11-04,transfer
1291,444,1,200,2025-01-15,transfer
1292,444,4,300,2025-02-17,online
1293,444,4,300,2025-01-19,online
1294,444,4,300,2025-02-04,cash
1295,445,3,500,2025-04-01,online
1296,445,1,200,2024-10-04,transfer
1297,446,3,500,2024-11-05,online
1298,446,1,200,2024-12-15,online
1299,446,1,200,2024-10-21,online
1300,446,2,400,2024-09-13,transfer
1301,446,1,200,2024-12-08,transfer
1302,447,2,400,2024-11-16,transfer
1303,447,4,300,2025-03-14,online
1304,448,1,200,2025-03-14,online
1305,449,3,500,2024-12-09,cash
1306,449,1,200,2025-06-06,transfer
1307,449,3,500,2024-11-16,online
1308,450,3,500,2025-01-07,transfer
1309,451,3,500,2025-03-05,online
1310,452,5,150,2025-04-22,cash
1311,452,1,200,2024-09-07,transfer
1312,452,1,200,2024-12-23,online
1313,452,1,200,2025-02-12,cash
1314,452,3,500,2024-10-24,online
1315,453,2,400,2024-11-14,cash
1316,453,1,200,2024-10-01,online
1317,454,2,400,2024-11-22,transfer
1318,455,1,200,2025-07-09,cash
1319,455,2,400,2024-10-17,cash
1320,456,4,300,2025-01-28,transfer
1321,457,1,200,2024-10-04,cash
1322,458,1,200,2025-01-19,transfer
1323,458,1,200,2025-02-08,transfer
1324,458,5,150,2025-04-29,transfer
1325,458,3,500,2024-10-26,transfer
1326,459,2,400,2025-06-25,cash
1327,459,1,200,2024-11-18,cash
1328,460,5,150,2025-06-25,cash
1329,460,3,500,2025-02-23,cash
1330,460,4,300,2025-01-18,online
1331,460,2,400,2024-09-09,cash
1332,461,4,300,2024-12-03,cash
1333,461,5,150,2025-02-24,transfer
1334,462,3,500,2025-08-21,cash
1335,462,4,300,2025-07-02,cash
1336,462,5,150,2025-06-02,online
1337,462,4,300,2025-04-11,cash
1338,462,3,500,2025-03-03,transfer
1339,463,1,200,2024-10-12,online
1340,463,4,300,2025-06-15,online
1341,464,2,400,2025-08-24,online
1342,464,2,400,2025-07-07,transfer
1343,465,5,150,2025-04-09,online
1344,465,2,400,2025-06-04,transfer
1345,466,5,150,2025-04-10,transfer
1346,466,1,200,2025-04-05,online
1347,466,5,150,2024-10-10,online
1348,467,3,500,2025-07-03,online
1349,467,5,150,2025-01-14,online
1350,467,1,200,2024-10-30,cash
1351,468,2,400,2024-10-09,transfer
1352,468,3,500,2024-12-07,online
1353,468,2,400,2024-12-19,cash
1354,469,4,300,2025-02-03,cash
1355,470,5,150,2024-12-03,cash
1356,471,3,500,2024-10-30,online
1357,471,3,500,2025-03-27,cash
1358,472,3,500,2025-03-02,online
1359,472,3,500,2024-11-14,cash
1360,472,5,150,2025-07-10,transfer
1361,473,2,400,2024-09-07,cash
1362,473,2,400,2025-06-02,online
1363,473,2,400,2025-06-20,transfer
1364,473,5,150,2025-06-04,online
1365,474,5,150,2025-08-29,online
1366,474,5,150,2025-02-03,transfer
1367,474,5,150,2025-05-24,online
1368,474,2,400,2025-03-03,transfer
1369,475,2,400,2025-01-10,cash
1370,475,5,150,2024-11-21,online
1371,476,5,150,2025-05-06,online
1372,476,4,300,2025-08-22,transfer
1373,476,2,400,2024-11-04,cash
1374,477,2,400,2025-06-23,transfer
1375,477,4,300,2025-07-05,transfer
1376,478,4,300,2024-12-29,transfer
1377,478,2,400,2024-12-20,online
1378,478,2,400,2025-01-09,transfer
1379,479,3,500,2025-05-01,online
1380,479,5,150,2025-02-07,cash
1381,479,5,150,2024-12-23,transfer
1382,479,5,150,2024-09-22,online
1383,480,4,300,2025-06-20,transfer
1384,480,4,300,2025-06-24,online
1385,480,4,300,2025-07-25,transfer
1386,480,5,150,2024-09-14,cash
1387,480,5,150,2025-08-07,transfer
1388,481,2,400,2025-02-13,cash
1389,482,5,150,2025-04-16,cash
1390,482,2,400,2024-09-29,cash
1391,482,1,200,2025-08-17,cash
1392,483,1,200,2024-10-14,transfer
1393,483,4,300,2025-01-17,transfer
1394,483,5,150,2024-09-30,transfer
1395,483,2,400,2025-05-28,online
1396,484,4,300,2024-10-20,cash
1397,484,5,150,2025-06-23,cash
1398,485,1,200,2025-02-17,online
1399,485,5,150,2025-04-17,transfer
1400,486,2,400,2024-09-13,transfer
1401,486,2,400,2025-08-01,online
1402,486,4,300,2025-05-29,transfer
1403,486,1,200,2024-09-24,transfer
1404,487,2,400,2025-04-28,online
1405,487,4,300,2025-05-07,transfer
1406,488,3,500,2025-05-31,online
1407,488,3,500,2024-12-03,online
1408,488,5,150,2024-12-09,online
1409,488,4,300,2024-11-28,transfer
1410,488,4,300,2025-03-21,transfer
1411,489,4,300,2025-02-04,cash
1412,489,3,500,2025-03-21,cash
1413,489,2,400,2025-06-06,cash
1414,490,2,400,2025-05-14,cash
1415,490,1,200,2024-11-14,transfer
1416,490,4,300,2025-08-17,online
1417,490,1,200,2024-11-30,transfer
1418,490,3,500,2025-06-07,transfer
1419,491,3,500,2024-11-23,transfer
1420,491,4,300,2025-08-08,cash
1421,492,2,400,2024-12-25,online
1422,492,4,300,2025-03-08,cash
1423,492,5,150,2025-07-04,cash
1424,493,2,400,2025-06-02,cash
1425,493,1,200,2025-02-15,cash
1426,493,4,300,2025-02-20,online
1427,493,3,500,2025-05-26,transfer
1428,494,2,400,2024-11-10,cash
1429,494,5,150,2025-03-22,cash
1430,495,2,400,2025-05-07,online
1431,495,3,500,2025-03-03,cash
1432,495,2,400,2025-08-25,online
1433,496,2,400,2025-07-23,online
1434,496,2,400,2024-09-17,cash
1435,496,5,150,2024-11-07,cash
1436,496,2,400,2024-10-01,online
1437,496,2,400,2024-09-26,online
1438,497,2,400,2024-12-25,transfer
1439,498,5,150,2024-09-06,transfer
1440,498,5,150,2025-05-25,cash
1441,499,1,200,2025-06-21,cash
1442,499,3,500,2025-06-12,transfer
1443,499,4,300,2025-03-15,online
1444,499,5,150,2024-11-23,transfer
1445,500,4,300,2024-12-24,online
1446,500,1,200,2025-04-12,cash
1447,500,1,200,2025-04-20,transfer
1448,500,1,200,2024-10-05,transfer
1449,500,3,500,2024-11-30,online
1450,501,5,150,2025-02-11,transfer
1451,501,5,150,2024-12-12,cash
1452,501,2,400,2025-03-31,transfer
1453,502,4,300,2025-02-09,cash
1454,502,2,400,2024-10-27,cash
1455,502,4,300,2024-11-23,online
1456,502,1,200,2025-06-19,cash
1457,502,1,200,2024-10-26,transfer
1458,503,3,500,2024-10-07,cash
1459,503,4,300,2024-09-24,online
1460,503,3,500,2024-12-18,cash
1461,504,1,200,2025-05-01,cash
1462,504,1,200,2024-12-09,transfer
1463,504,4,300,2025-04-06,transfer
1464,505,1,200,2024-10-02,transfer
1465,505,3,500,2025-04-09,transfer
1466,505,2,400,2024-12-05,transfer
1467,505,5,150,2025-01-11,cash
1468,506,1,200,2025-05-26,cash
1469,507,2,400,2025-01-01,cash
1470,507,3,500,2025-02-06,cash
1471,507,1,200,2025-07-04,transfer
1472,508,1,200,2025-07-29,cash
1473,508,1,200,2025-06-16,online
1474,509,3,500,2025-08-29,transfer
1475,509,4,300,2024-10-11,cash
1476,510,3,500,2025-03-15,online
1477,510,5,150,2024-12-05,online
1478,510,2,400,2024-11-16,cash
1479,510,3,500,2025-03-29,cash
1480,511,3,500,2024-09-13,cash
1481,511,1,200,2025-07-21,transfer
1482,511,2,400,2025-08-22,cash
1483,511,5,150,2024-12-06,transfer
1484,511,2,400,2025-06-06,transfer
1485,512,2,400,2025-06-27,online
1486,512,1,200,2024-10-12,transfer
1487,512,1,200,2025-05-17,transfer
1488,512,3,500,2025-05-04,online
1489,512,1,200,2025-01-25,online
1490,513,4,300,2025-05-24,online
1491,513,1,200,2024-10-12,online
1492,513,2,400,2024-09-16,cash
1493,513,1,200,2025-08-15,transfer
1494,514,5,150,2025-07-02,online
1495,514,4,300,2024-12-10,online
1496,514,2,400,2025-03-30,cash
1497,514,4,300,2025-06-08,online
1498,515,4,300,2025-01-16,transfer
1499,515,5,150,2025-05-21,online
1500,516,5,150,2025-01-28,transfer
1501,516,4,300,2024-12-27,online
1502,516,3,500,2025-07-23,transfer
1503,516,1,200,2025-04-14,online
1504,517,1,200,2024-12-19,online
1505,517,2,400,2025-06-08,cash
1506,517,1,200,2025-03-27,online
1507,517,5,150,2024-10-22,online
1508,517,4,300,2025-07-11,online
1509,518,5,150,2024-09-11,cash
1510,518,3,500,2025-01-09,online
1511,518,3,500,2024-08-29,transfer
1512,519,4,300,2025-01-01,transfer
1513,519,5,150,2024-11-23,transfer
1514,519,4,300,2025-02-11,transfer
1515,520,3,500,2024-11-27,transfer
1516,520,2,400,2025-04-12,online
1517,521,2,400,2025-03-24,online
1518,521,4,300,2025-01-14,cash
1519,521,3,500,2025-02-04,cash
1520,521,4,300,2024-10-24,cash
1521,521,2,400,2024-12-31,transfer
1522,522,4,300,2025-08-27,online
1523,523,2,400,2024-08-29,online
1524,524,2,400,2024-09-20,transfer
1525,524,5,150,2025-02-10,online
1526,524,2,400,2025-05-12,online
1527,524,5,150,2024-10-14,transfer
1528,524,1,200,2025-03-05,transfer
1529,525,5,150,2024-08-29,transfer
1530,525,1,200,2024-11-13,transfer
1531,525,4,300,2024-10-03,transfer
1532,526,1,200,2025-04-02,transfer
1533,527,3,500,2024-10-11,cash
1534,528,2,400,2025-08-07,online
1535,528,3,500,2025-02-17,cash
1536,528,4,300,2025-03-14,cash
1537,529,4,300,2024-12-04,online
1538,529,5,150,2024-09-16,cash
1539,530,1,200,2025-01-09,cash
1540,530,4,300,2025-05-16,transfer
1541,530,5,150,2024-09-12,online
1542,530,3,500,2025-01-14,online
1543,531,2,400,2025-06-09,cash
1544,531,4,300,2025-05-25,transfer
1545,532,3,500,2025-05-03,cash
1546,533,1,200,2025-04-27,online
1547,533,4,300,2024-10-27,online
1548,534,4,300,2025-05-13,cash
1549,534,4,300,2025-05-18,online
1550,535,3,500,2025-08-22,online
1551,536,4,300,2025-03-22,online
1552,536,3,500,2024-09-06,cash
1553,536,4,300,2024-09-12,cash
1554,537,3,500,2024-11-26,online
1555,537,3,500,2024-12-12,transfer
1556,537,4,300,2025-04-10,online
1557,537,2,400,2024-08-30,cash
1558,537,5,150,2025-01-24,online
1559,538,4,300,2024-11-01,cash
1560,538,4,300,2025-04-05,cash
1561,538,3,500,2024-10-28,transfer
1562,539,2,400,2025-07-17,transfer
1563,539,2,400,2024-09-20,transfer
1564,539,3,500,2025-05-07,online
1565,540,3,500,2024-08-30,online
1566,541,4,300,2025-08-03,cash
1567,541,4,300,2025-03-05,online
1568,541,1,200,2024-09-23,cash
1569,541,3,500,2025-01-19,online
1570,541,5,150,2025-02-26,online
1571,542,3,500,2024-11-21,transfer
1572,543,2,400,2024-12-03,online
1573,543,2,400,2025-03-18,online
1574,544,5,150,2025-03-09,transfer
1575,544,3,500,2025-05-11,cash
1576,544,3,500,2025-03-19,online
1577,544,1,200,2025-03-20,transfer
1578,545,4,300,2025-06-27,cash
1579,545,2,400,2025-04-06,cash
1580,546,4,300,2024-11-04,cash
1581,547,4,300,2025-08-02,cash
1582,547,5,150,2025-02-02,cash
1583,547,3,500,2025-08-14,cash
1584,547,1,200,2025-06-08,online
1585,548,4,300,2025-08-22,online
1586,549,1,200,2025-03-29,transfer
1587,549,3,500,2025-04-14,cash
1588,550,5,150,2024-10-10,transfer
1589,550,2,400,2025-02-13,online
1590,550,5,150,2025-07-26,transfer
1591,550,5,150,2024-11-18,transfer
1592,550,5,150,2025-01-16,transfer
1593,551,3,500,2025-07-14,online
1594,551,3,500,2025-04-24,transfer
1595,552,3,500,2025-01-07,cash
1596,552,5,150,2024-10-12,transfer
1597,553,3,500,2024-10-28,cash
1598,553,4,300,2025-02-13,transfer
1599,553,3,500,2024-09-06,cash
1600,553,5,150,2025-08-16,transfer
1601,554,1,200,2024-11-06,transfer
1602,554,3,500,2024-09-03,transfer
1603,554,4,300,2025-03-18,transfer
1604,554,1,200,2024-11-10,online
1605,554,5,150,2024-11-11,cash
1606,555,1,200,2025-01-02,transfer
1607,555,4,300,2025-08-10,online
1608,555,4,300,2025-07-07,cash
1609,555,3,500,2025-04-16,transfer
1610,556,1,200,2024-11-18,cash
1611,556,2,400,2024-12-22,transfer
1612,557,2,400,2024-10-09,cash
1613,558,1,200,2025-07-07,online
1614,558,5,150,2024-09-26,transfer
1615,558,4,300,2024-12-31,transfer
1616,558,1,200,2025-06-02,cash
1617,559,1,200,2025-02-26,cash
1618,560,5,150,2025-03-27,transfer
1619,561,4,300,2025-01-31,transfer
1620,562,1,200,2025-02-03,transfer
1621,562,3,500,2025-01-23,cash
1622,562,3,500,2024-10-02,transfer
1623,563,3,500,2024-11-01,cash
1624,564,3,500,2025-04-14,online
1625,564,2,400,2024-09-03,cash
1626,565,3,500,2024-09-30,cash
1627,565,1,200,2024-09-12,cash
1628,566,3,500,2024-09-08,online
1629,566,4,300,2025-04-22,cash
1630,566,1,200,2025-07-16,transfer
1631,566,4,300,2025-02-14,cash
1632,567,5,150,2025-06-28,cash
1633,568,2,400,2025-02-10,transfer
1634,568,5,150,2025-07-16,transfer
1635,568,2,400,2025-02-25,online
1636,569,1,200,2025-03-31,transfer
1637,569,1,200,2024-12-25,online
1638,570,4,300,2024-12-27,cash
1639,570,2,400,2025-05-25,transfer
1640,570,2,400,2025-07-20,cash
1641,571,1,200,2025-07-13,transfer
1642,571,5,150,2024-09-28,transfer
1643,571,5,150,2025-05-09,transfer
1644,571,4,300,2025-08-23,online
1645,572,2,400,2024-11-01,transfer
1646,573,3,500,2025-01-01,online
1647,573,4,300,2025-06-17,transfer
1648,574,5,150,2025-04-19,cash
1649,575,2,400,2024-09-30,online
1650,575,1,200,2025-06-21,cash
1651,575,5,150,2024-12-28,online
1652,575,5,150,2025-04-25,transfer
1653,575,2,400,2025-08-09,transfer
1654,576,5,150,2025-01-09,transfer
1655,576,2,400,2024-08-29,transfer
1656,576,2,400,2024-09-20,transfer
1657,576,3,500,2024-12-09,online
1658,577,5,150,2024-12-19,transfer
1659,577,2,400,2024-10-08,transfer
1660,578,2,400,2025-01-10,online
1661,578,1,200,2025-03-25,online
1662,578,2,400,2025-03-23,online
1663,578,4,300,2025-02-04,online
1664,579,1,200,2025-05-23,transfer
1665,579,4,300,2024-10-01,online
1666,580,1,200,2025-06-25,transfer
1667,580,4,300,2024-10-15,transfer
1668,580,5,150,2025-01-28,cash
1669,581,4,300,2024-09-30,online
1670,581,1,200,2025-06-29,cash
1671,581,4,300,2025-04-22,cash
1672,582,1,200,2025-05-10,transfer
1673,582,5,150,2025-07-27,transfer
1674,583,1,200,2025-07-08,transfer
1675,583,2,400,2025-06-14,online
1676,583,2,400,2025-05-09,online
1677,584,5,150,2024-11-20,cash
1678,584,1,200,2025-03-15,cash
1679,585,1,200,2024-12-04,transfer
1680,585,4,300,2025-04-15,transfer
1681,585,2,400,2024-10-02,online
1682,586,1,200,2025-08-06,online
1683,586,2,400,2025-04-03,transfer
1684,586,3,500,2024-10-21,cash
1685,586,1,200,2024-10-07,cash
1686,587,2,400,2025-03-19,online
1687,587,3,500,2024-12-30,transfer
1688,587,1,200,2025-06-30,online
1689,587,5,150,2024-09-05,transfer
1690,588,3,500,2024-09-14,cash
1691,588,1,200,2025-06-18,cash
1692,588,5,150,2025-06-27,online
1693,588,5,150,2024-10-11,transfer
1694,588,1,200,2025-02-12,transfer
1695,589,2,400,2024-11-22,transfer
1696,589,3,500,2025-04-20,online
1697,589,4,300,2025-03-03,transfer
1698,589,5,150,2025-05-26,transfer
1699,590,2,400,2025-08-19,cash
1700,590,5,150,2025-03-27,online
1701,590,3,500,2024-09-02,online
1702,590,3,500,2025-01-18,online
1703,590,3,500,2025-06-28,transfer
1704,591,1,200,2025-01-02,transfer
1705,591,3,500,2025-08-27,transfer
1706,591,2,400,2024-11-04,transfer
1707,591,1,200,2024-11-21,transfer
1708,592,4,300,2025-03-11,transfer
1709,593,2,400,2024-12-23,online
1710,593,3,500,2024-10-18,online
1711,593,5,150,2024-09-01,transfer
1712,594,2,400,2025-05-15,online
1713,594,5,150,2024-12-02,transfer
1714,594,2,400,2025-07-19,transfer
1715,594,2,400,2024-09-09,transfer
1716,595,5,150,2025-06-15,transfer
1717,595,1,200,2025-01-26,cash
1718,595,4,300,2025-04-13,cash
1719,595,3,500,2025-05-03,transfer
1720,596,5,150,2024-11-14,cash
1721,596,2,400,2025-03-14,online
1722,596,4,300,2025-04-18,transfer
1723,596,4,300,2025-07-29,cash
1724,596,2,400,2025-08-19,online
1725,597,1,200,2025-08-21,transfer
1726,597,2,400,2024-09-11,cash
1727,598,4,300,2024-11-18,online
1728,598,4,300,2025-04-12,online
1729,598,3,500,2024-12-25,online
1730,598,3,500,2024-10-20,transfer
1731,599,5,150,2024-11-01,cash
1732,600,2,400,2025-03-03,online
1733,601,1,200,2025-08-11,cash
1734,602,5,150,2025-02-05,cash
1735,602,3,500,2025-06-08,transfer
1736,602,3,500,2025-02-14,online
1737,603,2,400,2024-11-28,transfer
1738,603,3,500,2025-05-29,transfer
1739,604,1,200,2024-09-05,transfer
1740,604,3,500,2025-08-17,cash
1741,605,1,200,2025-07-15,online
1742,606,2,400,2025-06-18,transfer
1743,606,2,400,2024-11-12,transfer
1744,607,2,400,2025-02-20,cash
1745,608,3,500,2024-11-08,online
1746,608,2,400,2025-07-23,transfer
1747,609,4,300,2024-12-17,cash
1748,609,3,500,2025-01-07,online
1749,609,3,500,2024-09-13,transfer
1750,609,4,300,2025-01-01,transfer
1751,610,2,400,2025-01-30,transfer
1752,611,4,300,2025-02-05,online
1753,612,5,150,2025-03-26,online
1754,613,1,200,2025-04-20,cash
1755,614,4,300,2024-09-29,cash
1756,614,3,500,2025-06-03,online
1757,614,4,300,2024-09-11,cash
1758,615,3,500,2025-06-03,cash
1759,615,2,400,2025-03-25,transfer
1760,615,4,300,2024-12-01,online
1761,615,4,300,2025-08-27,cash
1762,616,5,150,2025-01-26,transfer
1763,616,5,150,2024-10-07,cash
1764,616,5,150,2025-08-22,online
1765,616,4,300,2025-04-04,online
1766,616,2,400,2025-02-08,online
1767,617,5,150,2024-11-28,online
1768,617,3,500,2025-01-14,cash
1769,617,3,500,2024-11-10,transfer
1770,617,3,500,2025-04-11,cash
1771,617,2,400,2025-02-10,transfer
1772,618,3,500,2024-10-30,transfer
1773,618,4,300,2024-10-09,online
1774,618,1,200,2025-06-09,online
1775,619,5,150,2025-05-19,cash
1776,619,1,200,2025-06-16,transfer
1777,619,2,400,2025-03-22,transfer
1778,620,4,300,2024-12-27,cash
1779,620,2,400,2025-03-02,online
1780,620,1,200,2025-02-06,transfer
1781,620,1,200,2024-10-24,transfer
1782,621,2,400,2024-10-13,cash
1783,621,5,150,2025-06-09,transfer
1784,621,1,200,2025-06-16,transfer
1785,622,5,150,2024-10-29,cash
1786,622,5,150,2025-07-28,transfer
1787,623,2,400,2025-04-02,cash
1788,623,3,500,2025-01-04,transfer
1789,623,3,500,2025-05-21,cash
1790,623,2,400,2024-09-27,transfer
1791,623,5,150,2025-02-09,online
1792,624,5,150,2024-12-01,transfer
1793,624,2,400,2024-12-10,transfer
1794,625,4,300,2025-02-13,online
1795,626,5,150,2025-07-22,transfer
1796,626,1,200,2025-08-23,online
1797,626,5,150,2024-12-26,online
1798,626,3,500,2024-12-05,transfer
1799,626,1,200,2024-10-17,cash
1800,627,4,300,2024-12-30,transfer
1801,627,1,200,2025-05-14,transfer
1802,628,1,200,2024-11-09,transfer
1803,628,2,400,2025-04-14,online
1804,628,4,300,2025-05-29,online
1805,628,2,400,2025-03-01,transfer
1806,628,5,150,2024-11-27,transfer
1807,629,3,500,2024-11-27,transfer
1808,629,3,500,2024-10-13,online
1809,629,3,500,2024-11-15,cash
1810,629,4,300,2025-05-03,online
1811,630,3,500,2025-06-08,online
1812,630,2,400,2025-01-05,online
1813,630,5,150,2024-11-04,transfer
1814,630,2,400,2025-01-14,transfer
1815,630,4,300,2024-10-31,transfer
1816,631,2,400,2024-12-09,online
1817,632,5,150,2025-06-07,transfer
1818,632,5,150,2024-12-25,online
1819,633,5,150,2024-12-07,online
1820,633,5,150,2025-05-22,transfer
1821,633,3,500,2024-12-07,online
1822,633,4,300,2025-07-19,transfer
1823,634,3,500,2025-04-08,online
1824,634,5,150,2024-10-21,transfer
1825,635,1,200,2024-11-04,cash
1826,635,4,300,2025-02-11,transfer
1827,636,2,400,2025-04-16,transfer
1828,636,3,500,2024-11-12,cash
1829,636,1,200,2025-07-12,cash
1830,636,3,500,2025-03-30,online
1831,637,3,500,2024-10-30,transfer
1832,637,1,200,2025-03-26,cash
1833,637,2,400,2025-05-27,online
1834,637,3,500,2024-11-09,transfer
1835,638,4,300,2024-10-20,cash
1836,638,3,500,2025-07-12,transfer
1837,639,4,300,2025-02-04,transfer
1838,639,4,300,2024-11-11,online
1839,639,1,200,2025-01-11,cash
1840,639,4,300,2025-01-06,cash
1841,640,3,500,2025-04-16,cash
1842,641,3,500,2025-08-14,transfer
1843,641,2,400,2025-02-03,transfer
1844,641,3,500,2024-09-21,cash
1845,641,5,150,2025-02-19,transfer
1846,642,5,150,2024-11-08,transfer
1847,642,4,300,2025-05-27,online
1848,642,5,150,2025-04-25,online
1849,642,3,500,2024-10-01,cash
1850,643,3,500,2025-03-25,online
1851,643,2,400,2025-07-14,cash
1852,643,5,150,2025-07-02,transfer
1853,644,2,400,2025-03-04,cash
1854,644,5,150,2024-11-18,online
1855,645,4,300,2025-01-13,transfer
1856,645,3,500,2024-11-02,cash
1857,645,3,500,2025-01-10,cash
1858,646,1,200,2025-02-02,cash
1859,646,1,200,2024-09-04,online
1860,646,2,400,2025-08-25,transfer
1861,647,1,200,2025-08-26,cash
1862,647,4,300,2025-08-22,cash
1863,648,5,150,2025-02-10,cash
1864,648,4,300,2025-07-13,online
1865,648,1,200,2025-06-15,cash
1866,649,3,500,2025-03-03,transfer
1867,650,4,300,2025-06-25,transfer
1868,650,4,300,2025-05-05,transfer
1869,650,3,500,2024-09-23,cash
1870,650,5,150,2024-10-20,transfer
1871,651,4,300,2025-07-08,transfer
1872,652,3,500,2025-04-24,online
1873,652,5,150,2024-11-23,online
1874,653,1,200,2025-07-24,online
1875,653,1,200,2025-02-26,online
1876,653,2,400,2024-11-08,cash
1877,654,1,200,2025-07-31,cash
1878,654,3,500,2025-01-14,transfer
1879,655,4,300,2024-12-10,transfer
1880,655,3,500,2024-09-24,transfer
1881,656,1,200,2025-04-21,transfer
1882,657,2,400,2025-02-23,online
1883,657,1,200,2025-01-02,cash
1884,657,3,500,2024-11-18,cash
1885,657,2,400,2025-08-27,transfer
1886,657,2,400,2025-08-18,online
1887,658,5,150,2024-11-20,cash
1888,658,2,400,2025-07-16,online
1889,658,3,500,2025-06-05,transfer
1890,658,5,150,2025-04-27,transfer
1891,658,4,300,2025-01-13,online
1892,659,5,150,2024-09-03,online
1893,659,1,200,2025-06-07,online
1894,659,3,500,2025-08-07,transfer
1895,659,5,150,2024-09-25,transfer
1896,659,2,400,2025-08-11,online
1897,660,1,200,2025-04-04,transfer
1898,660,1,200,2024-08-30,online
1899,661,1,200,2025-04-10,online
1900,661,5,150,2025-08-09,transfer
1901,661,4,300,2025-04-04,transfer
1902,661,4,300,2024-09-09,cash
1903,661,5,150,2024-11-12,online
1904,662,2,400,2025-08-17,online
1905,662,3,500,2025-01-15,transfer
1906,662,5,150,2024-11-20,transfer
1907,663,1,200,2025-02-19,cash
1908,663,2,400,2025-06-05,cash
1909,663,5,150,2024-10-21,online
1910,664,5,150,2025-06-01,cash
1911,664,3,500,2025-08-28,transfer
1912,664,1,200,2025-01-02,online
1913,664,5,150,2025-02-04,online
1914,665,1,200,2025-08-01,transfer
1915,665,1,200,2025-06-19,transfer
1916,665,5,150,2024-09-17,online
1917,665,3,500,2025-01-18,online
1918,666,3,500,2025-01-31,online
1919,666,5,150,2025-02-25,cash
1920,666,2,400,2025-07-05,transfer
1921,667,1,200,2024-11-25,transfer
1922,667,2,400,2025-04-02,cash
1923,667,4,300,2025-05-30,transfer
1924,668,2,400,2025-08-10,cash
1925,668,3,500,2025-05-14,transfer
1926,668,2,400,2025-03-25,transfer
1927,668,2,400,2025-03-21,transfer
1928,669,5,150,2025-05-16,cash
1929,669,5,150,2025-08-07,online
1930,669,3,500,2025-06-02,online
1931,669,4,300,2025-07-29,online
1932,669,1,200,2024-12-24,online
1933,670,1,200,2024-11-01,cash
1934,670,3,500,2024-11-20,cash
1935,671,2,400,2025-05-20,transfer
1936,671,4,300,2025-05-11,online
1937,671,4,300,2025-02-02,online
1938,671,2,400,2024-09-11,transfer
1939,672,5,150,2025-01-18,online
1940,672,1,200,2025-04-28,online
1941,672,4,300,2024-12-18,transfer
1942,672,5,150,2024-10-18,online
1943,672,2,400,2024-11-12,online
1944,673,3,500,2025-05-17,cash
1945,673,1,200,2024-10-07,transfer
1946,673,1,200,2025-08-21,transfer
1947,673,4,300,2024-12-04,cash
1948,673,2,400,2024-08-30,transfer
1949,674,2,400,2024-10-18,transfer
1950,674,5,150,2024-11-14,online
1951,674,1,200,2024-11-10,transfer
1952,674,3,500,2025-04-13,transfer
1953,674,2,400,2024-12-20,cash
1954,675,5,150,2025-08-05,cash
1955,675,5,150,2025-06-21,transfer
1956,675,2,400,2025-03-28,cash
1957,676,3,500,2025-05-03,transfer
1958,677,3,500,2025-06-10,cash
1959,677,3,500,2025-03-07,online
1960,677,1,200,2025-03-22,cash
1961,677,3,500,2024-12-14,transfer
1962,677,2,400,2024-12-05,transfer
1963,678,5,150,2025-01-18,cash
1964,678,4,300,2025-08-04,transfer
1965,678,4,300,2025-08-18,transfer
1966,679,2,400,2024-09-11,cash
1967,679,3,500,2025-06-16,online
1968,680,4,300,2024-10-19,cash
1969,680,1,200,2024-12-18,online
1970,680,3,500,2025-05-26,cash
1971,680,5,150,2024-10-11,cash
1972,681,5,150,2025-02-21,online
1973,681,2,400,2025-07-13,transfer
1974,681,5,150,2025-02-28,transfer
1975,681,1,200,2025-06-30,online
1976,681,3,500,2024-09-05,cash
1977,682,1,200,2025-06-05,transfer
1978,682,4,300,2025-07-05,transfer
1979,682,2,400,2025-08-26,transfer
1980,682,3,500,2024-12-31,online
1981,683,1,200,2024-10-21,online
1982,683,3,500,2025-03-31,online
1983,683,3,500,2025-06-21,online
1984,683,4,300,2025-05-24,online
1985,684,3,500,2025-05-10,transfer
1986,685,4,300,2025-04-05,transfer
1987,685,3,500,2024-12-01,online
1988,685,3,500,2025-01-27,transfer
1989,685,1,200,2025-04-22,online
1990,686,1,200,2024-09-12,online
1991,686,1,200,2025-02-20,online
1992,686,2,400,2024-09-08,online
1993,686,2,400,2025-07-25,transfer
1994,687,5,150,2024-09-09,cash
1995,688,1,200,2025-04-06,transfer
1996,688,2,400,2025-06-17,transfer
1997,688,5,150,2025-04-25,cash
1998,689,1,200,2024-09-17,cash
1999,689,3,500,2024-12-13,online
2000,689,3,500,2025-05-17,online
2001,689,3,500,2025-01-02,transfer
2002,689,4,300,2025-02-24,online
2003,690,5,150,2024-12-16,transfer
2004,690,5,150,2024-10-27,online
2005,690,3,500,2025-07-22,cash
2006,690,1,200,2025-07-25,online
2007,690,4,300,2024-12-19,online
2008,691,3,500,2025-06-12,cash
2009,691,3,500,2025-07-20,online
2010,692,2,400,2024-11-28,online
2011,693,4,300,2025-06-14,cash
2012,693,2,400,2024-11-12,online
2013,693,5,150,2024-09-25,cash
2014,693,2,400,2025-01-26,cash
2015,693,3,500,2025-06-04,online
2016,694,2,400,2024-09-04,transfer
2017,694,2,400,2025-06-26,online
2018,694,4,300,2025-06-24,transfer
2019,694,2,400,2025-07-19,online
2020,694,5,150,2024-08-31,cash
2021,695,1,200,2025-04-11,online
2022,695,3,500,2024-09-06,online
2023,696,5,150,2025-01-21,online
2024,696,4,300,2024-11-03,transfer
2025,696,2,400,2025-08-04,transfer
2026,697,3,500,2025-06-27,online
2027,697,3,500,2025-01-11,online
2028,697,5,150,2025-02-28,cash
2029,698,3,500,2025-05-04,transfer
2030,698,2,400,2025-03-15,transfer
2031,698,5,150,2025-01-02,cash
2032,698,5,150,2025-07-24,online
2033,699,1,200,2025-08-23,transfer
2034,700,5,150,2025-05-25,cash
2035,700,5,150,2025-06-25,transfer
2036,701,3,500,2025-03-28,online
2037,701,2,400,2024-11-26,cash
2038,701,4,300,2025-06-27,cash
2039,701,1,200,2025-08-15,cash
2040,701,1,200,2025-07-14,online
2041,702,4,300,2025-06-04,online
2042,702,1,200,2025-06-23,transfer
2043,703,1,200,2024-11-16,cash
2044,703,2,400,2024-11-03,cash
2045,703,2,400,2025-05-15,cash
2046,703,2,400,2024-11-15,cash
2047,703,5,150,2024-10-11,online
2048,704,3,500,2025-07-10,cash
2049,704,2,400,2025-07-19,transfer
2050,704,4,300,2024-09-17,online
2051,704,5,150,2025-07-22,cash
2052,704,4,300,2025-03-17,transfer
2053,705,2,400,2025-07-28,online
2054,706,5,150,2025-04-29,transfer
2055,706,1,200,2024-11-22,cash
2056,706,2,400,2025-02-05,transfer
2057,706,5,150,2024-10-22,cash
2058,707,3,500,2025-01-11,online
2059,707,1,200,2025-03-14,transfer
2060,707,1,200,2025-05-17,cash
2061,708,3,500,2024-09-15,online
2062,708,5,150,2025-05-28,cash
2063,708,4,300,2025-07-18,transfer
2064,708,5,150,2024-12-21,cash
2065,708,4,300,2025-05-28,cash
2066,709,4,300,2024-09-18,transfer
2067,709,5,150,2024-12-04,transfer
2068,709,4,300,2024-12-04,cash
2069,709,5,150,2024-09-22,cash
2070,710,1,200,2025-01-13,cash
2071,710,3,500,2024-10-16,online
2072,710,3,500,2024-12-03,cash
2073,711,2,400,2025-01-23,cash
2074,712,3,500,2025-03-02,cash
2075,712,2,400,2024-11-15,cash
2076,713,5,150,2025-05-28,transfer
2077,713,3,500,2025-03-21,cash
2078,713,3,500,2025-01-15,transfer
2079,713,2,400,2025-05-21,transfer
2080,713,4,300,2024-11-01,transfer
2081,714,4,300,2025-06-14,cash
2082,715,4,300,2025-08-12,transfer
2083,716,2,400,2024-11-16,transfer
2084,716,1,200,2025-05-02,online
2085,716,1,200,2025-02-18,transfer
2086,717,3,500,2024-09-11,cash
2087,717,3,500,2025-06-28,transfer
2088,717,4,300,2025-01-22,online
2089,717,1,200,2024-12-11,cash
2090,717,2,400,2025-06-30,cash
2091,718,4,300,2025-03-31,online
2092,718,1,200,2025-05-24,transfer
2093,718,4,300,2024-09-01,online
2094,718,5,150,2025-04-07,cash
2095,718,5,150,2024-09-11,online
2096,719,1,200,2024-11-07,transfer
2097,719,3,500,2024-10-21,online
2098,719,4,300,2025-08-07,transfer
2099,719,3,500,2025-05-24,transfer
2100,720,5,150,2025-08-13,cash
2101,720,1,200,2024-12-21,online
2102,720,3,500,2025-03-04,online
2103,720,4,300,2025-04-05,cash
2104,721,2,400,2025-03-02,cash
2105,722,3,500,2024-11-15,online
2106,723,5,150,2024-10-26,cash
2107,724,2,400,2024-10-31,online
2108,724,5,150,2024-09-25,transfer
2109,724,5,150,2024-10-27,cash
2110,725,2,400,2024-12-08,cash
2111,725,1,200,2025-04-25,cash
2112,725,5,150,2024-11-28,transfer
2113,725,5,150,2025-05-09,cash
2114,726,2,400,2025-04-30,transfer
2115,726,1,200,2025-07-05,transfer
2116,726,3,500,2025-08-12,online
2117,727,3,500,2024-11-16,transfer
2118,727,2,400,2024-09-09,cash
2119,728,3,500,2025-05-08,cash
2120,728,2,400,2025-01-30,transfer
2121,729,4,300,2024-11-01,online
2122,729,2,400,2025-07-30,transfer
2123,729,1,200,2025-08-25,cash
2124,729,4,300,2024-10-09,online
2125,730,2,400,2025-03-29,online
2126,731,2,400,2025-03-29,transfer
2127,731,1,200,2025-02-15,cash
2128,731,5,150,2024-09-14,online
2129,731,1,200,2024-12-21,transfer
2130,731,4,300,2025-07-18,transfer
2131,732,2,400,2024-12-14,online
2132,732,5,150,2024-12-25,online
2133,732,4,300,2025-05-01,cash
2134,732,2,400,2024-12-08,cash
2135,733,4,300,2025-05-16,transfer
2136,733,4,300,2025-01-22,online
2137,733,1,200,2024-09-13,online
2138,733,5,150,2025-05-18,cash
2139,734,5,150,2025-06-25,online
2140,734,3,500,2024-11-15,online
2141,735,5,150,2024-09-20,transfer
2142,735,1,200,2025-08-19,online
2143,735,3,500,2025-08-17,cash
2144,735,2,400,2024-11-03,cash
2145,735,4,300,2025-03-16,cash
2146,736,1,200,2024-12-19,online
2147,737,5,150,2025-03-17,cash
2148,737,5,150,2025-03-23,cash
2149,738,3,500,2025-01-05,transfer
2150,738,3,500,2024-10-09,cash
2151,739,2,400,2025-02-03,online
2152,739,4,300,2024-08-29,cash
2153,740,2,400,2024-10-26,online
2154,740,1,200,2025-01-21,cash
2155,740,4,300,2025-07-22,online
2156,740,3,500,2025-02-01,online
2157,740,4,300,2024-10-13,cash
2158,741,1,200,2024-12-01,online
2159,741,1,200,2024-12-05,cash
2160,741,4,300,2025-02-01,transfer
2161,741,4,300,2024-09-11,transfer
2162,741,2,400,2025-08-22,cash
2163,742,3,500,2025-04-11,transfer
2164,742,1,200,2024-10-12,online
2165,743,4,300,2025-01-07,online
2166,743,4,300,2025-07-18,transfer
2167,743,3,500,2025-04-10,cash
2168,743,5,150,2025-05-12,cash
2169,743,5,150,2025-07-23,transfer
2170,744,4,300,2025-02-07,cash
2171,745,1,200,2024-12-02,cash
2172,745,4,300,2025-02-11,cash
2173,745,4,300,2025-01-17,cash
2174,745,3,500,2025-03-28,transfer
2175,746,1,200,2024-12-14,cash
2176,746,4,300,2024-11-03,cash
2177,746,1,200,2025-04-11,transfer
2178,747,5,150,2025-05-14,online
2179,747,4,300,2025-05-12,transfer
2180,747,2,400,2025-08-10,transfer
2181,747,2,400,2025-07-18,cash
2182,747,2,400,2025-04-07,online
2183,748,1,200,2024-10-17,cash
2184,748,2,400,2025-07-08,transfer
2185,748,1,200,2025-03-07,online
2186,749,4,300,2025-04-21,transfer
2187,749,5,150,2025-02-11,transfer
2188,749,3,500,2025-07-26,transfer
2189,749,2,400,2025-04-19,online
2190,750,4,300,2024-08-31,cash
2191,750,4,300,2025-03-27,online
2192,750,1,200,2024-10-08,online
2193,750,4,300,2024-11-11,transfer
2194,750,1,200,2025-02-08,cash
2195,751,3,500,2025-07-17,transfer
2196,751,2,400,2025-05-10,cash
2197,751,5,150,2024-11-13,online
2198,751,1,200,2025-02-19,transfer
2199,751,3,500,2024-11-16,online
2200,752,1,200,2025-08-17,cash
2201,752,1,200,2025-05-03,transfer
2202,752,2,400,2024-11-15,transfer
2203,752,2,400,2024-10-21,transfer
2204,752,5,150,2025-07-23,transfer
2205,753,3,500,2024-09-22,online
2206,754,5,150,2025-01-13,online
2207,754,1,200,2025-04-18,online
2208,754,3,500,2025-01-01,transfer
2209,755,4,300,2024-10-28,cash
2210,755,3,500,2025-02-04,cash
2211,755,5,150,2025-05-07,online
2212,755,2,400,2025-01-31,transfer
2213,755,4,300,2025-03-23,online
2214,756,1,200,2024-10-29,cash
2215,756,1,200,2024-11-09,cash
2216,756,1,200,2024-10-28,cash
2217,757,1,200,2024-12-29,cash
2218,757,1,200,2025-02-23,cash
2219,757,4,300,2025-02-26,online
2220,757,3,500,2024-12-21,cash
2221,757,5,150,2025-04-09,online
2222,758,5,150,2024-10-18,transfer
2223,758,5,150,2025-04-28,online
2224,758,1,200,2024-09-06,online
2225,758,1,200,2024-10-10,cash
2226,758,2,400,2025-05-24,cash
2227,759,1,200,2025-07-17,cash
2228,760,2,400,2025-02-21,online
2229,761,5,150,2025-05-22,online
2230,761,3,500,2025-01-17,transfer
2231,762,3,500,2025-02-02,transfer
2232,763,4,300,2025-06-13,transfer
2233,763,5,150,2024-11-15,transfer
2234,763,4,300,2025-02-26,online
2235,764,5,150,2024-08-30,cash
2236,764,5,150,2025-08-21,cash
2237,765,3,500,2025-01-14,cash
2238,765,4,300,2024-10-15,cash
2239,766,4,300,2024-12-29,transfer
2240,767,1,200,2024-12-25,online
2241,767,2,400,2024-12-29,transfer
2242,767,1,200,2025-05-17,transfer
2243,767,1,200,2025-08-25,online
2244,768,5,150,2025-03-05,transfer
2245,768,5,150,2025-03-14,online
2246,768,3,500,2025-08-25,cash
2247,769,3,500,2025-04-07,online
2248,769,3,500,2025-05-11,online
2249,769,1,200,2025-01-10,online
2250,770,4,300,2024-09-19,transfer
2251,770,2,400,2025-05-30,cash
2252,770,2,400,2024-11-18,online
2253,770,1,200,2025-02-16,cash
2254,771,1,200,2025-04-12,transfer
2255,771,2,400,2025-05-07,online
2256,771,3,500,2024-11-17,transfer
2257,771,1,200,2025-01-15,cash
2258,771,1,200,2024-11-17,transfer
2259,772,3,500,2025-03-12,transfer
2260,773,1,200,2024-10-01,transfer
2261,773,5,150,2024-11-26,transfer
2262,773,2,400,2025-06-21,transfer
2263,773,1,200,2025-06-19,cash
2264,773,3,500,2024-12-01,cash
2265,774,1,200,2025-02-20,online
2266,774,1,200,2025-07-03,transfer
2267,774,3,500,2025-03-16,cash
2268,774,2,400,2025-06-18,cash
2269,774,1,200,2025-05-23,transfer
2270,775,4,300,2024-09-20,online
2271,776,2,400,2024-12-30,cash
2272,777,2,400,2025-03-26,cash
2273,778,5,150,2025-07-06,transfer
2274,778,2,400,2025-06-14,transfer
2275,779,3,500,2025-06-05,transfer
2276,779,2,400,2025-03-13,online
2277,779,2,400,2025-03-04,cash
2278,779,3,500,2024-09-10,transfer
2279,779,5,150,2024-12-13,online
2280,780,4,300,2025-08-16,online
2281,780,1,200,2024-11-17,transfer
2282,780,2,400,2025-05-08,cash
2283,780,5,150,2024-09-11,cash
2284,780,3,500,2025-03-09,online
2285,781,3,500,2024-11-20,cash
2286,781,2,400,2025-04-07,online
2287,782,5,150,2025-04-19,transfer
2288,782,4,300,2025-04-18,transfer
2289,782,1,200,2024-09-09,cash
2290,782,2,400,2025-04-27,cash
2291,783,4,300,2025-03-09,online
2292,783,4,300,2025-08-12,cash
2293,783,2,400,2024-11-05,online
2294,783,3,500,2024-09-20,transfer
2295,784,2,400,2025-03-06,cash
2296,784,5,150,2025-01-24,cash
2297,784,5,150,2024-10-10,cash
2298,784,4,300,2024-11-10,online
2299,785,5,150,2024-12-24,online
2300,786,2,400,2025-01-23,transfer
2301,786,5,150,2024-09-28,cash
2302,786,5,150,2025-06-19,cash
2303,787,5,150,2024-10-26,transfer
2304,788,1,200,2025-07-30,cash
2305,788,4,300,2025-01-29,transfer
2306,788,2,400,2024-12-11,transfer
2307,788,2,400,2025-05-02,transfer
2308,788,1,200,2025-04-27,transfer
2309,789,3,500,2025-06-13,online
2310,789,2,400,2024-10-01,transfer
2311,789,2,400,2024-12-04,cash
2312,789,4,300,2025-02-26,transfer
2313,790,1,200,2024-11-12,online
2314,790,4,300,2025-04-06,online
2315,790,2,400,2025-06-07,transfer
2316,790,2,400,2024-09-29,cash
2317,791,4,300,2024-12-26,cash
2318,791,4,300,2025-08-29,transfer
2319,791,3,500,2025-02-01,cash
2320,791,2,400,2025-01-30,transfer
2321,791,3,500,2025-04-04,transfer
2322,792,5,150,2024-08-30,online
2323,792,1,200,2025-07-22,cash
2324,793,5,150,2025-03-18,online
2325,794,4,300,2025-01-28,online
2326,795,4,300,2024-11-28,cash
2327,795,5,150,2025-05-31,online
2328,796,3,500,2025-07-29,cash
2329,796,4,300,2025-05-08,cash
2330,796,2,400,2024-12-17,online
2331,797,3,500,2024-11-14,transfer
2332,797,5,150,2025-05-09,online
2333,797,5,150,2025-02-03,transfer
2334,797,5,150,2025-03-04,cash
2335,797,2,400,2024-12-21,cash
2336,798,2,400,2025-06-16,online
2337,798,4,300,2025-01-06,transfer
2338,798,3,500,2024-12-10,transfer
2339,798,3,500,2025-06-17,online
2340,798,2,400,2024-11-07,online
2341,799,4,300,2024-12-27,online
2342,799,3,500,2025-03-08,online
2343,799,3,500,2025-05-20,transfer
2344,800,2,400,2025-04-16,online
2345,800,2,400,2025-02-12,cash
2346,801,3,500,2024-12-09,online
2347,802,2,400,2025-07-06,cash
2348,803,3,500,2025-08-20,online
2349,804,2,400,2025-01-16,online
2350,804,3,500,2024-11-19,online
2351,805,3,500,2024-12-23,transfer
2352,805,2,400,2025-07-24,online
2353,805,5,150,2024-12-08,online
2354,805,1,200,2024-12-27,cash
2355,805,2,400,2025-07-25,cash
2356,806,3,500,2024-11-06,cash
2357,806,3,500,2025-06-14,transfer
2358,806,1,200,2024-10-08,transfer
2359,806,4,300,2024-10-16,cash
2360,807,1,200,2025-08-11,online
2361,807,5,150,2025-05-03,online
2362,807,4,300,2024-10-10,online
2363,807,1,200,2024-10-15,transfer
2364,807,5,150,2025-07-15,transfer
2365,808,2,400,2025-02-09,online
2366,808,2,400,2024-11-26,online
2367,808,4,300,2024-12-15,cash
2368,808,5,150,2025-07-30,cash
2369,808,1,200,2025-05-26,transfer
2370,809,5,150,2025-05-28,cash
2371,809,4,300,2025-08-10,online
2372,809,2,400,2025-03-03,online
2373,809,2,400,2025-06-16,transfer
2374,809,5,150,2025-01-05,online
2375,810,3,500,2025-03-09,online
2376,811,1,200,2025-08-29,cash
2377,811,2,400,2025-07-18,cash
2378,811,3,500,2025-05-05,cash
2379,811,1,200,2025-04-06,online
2380,812,2,400,2025-04-20,cash
2381,812,3,500,2025-08-29,transfer
2382,812,4,300,2025-06-19,online
2383,812,5,150,2025-08-03,online
2384,813,4,300,2025-05-25,online
2385,813,5,150,2025-04-06,online
2386,813,5,150,2025-05-05,transfer
2387,813,4,300,2024-12-25,transfer
2388,814,3,500,2024-10-21,cash
2389,814,5,150,2024-11-16,cash
2390,814,3,500,2024-11-28,cash
2391,815,4,300,2024-09-14,cash
2392,815,4,300,2025-04-06,transfer
2393,815,4,300,2024-10-30,cash
2394,815,4,300,2025-06-15,online
2395,816,2,400,2025-06-11,transfer
2396,816,3,500,2025-05-25,cash
2397,816,5,150,2024-10-10,cash
2398,816,3,500,2025-06-06,online
2399,817,3,500,2025-03-03,cash
2400,817,4,300,2025-03-18,online
2401,817,5,150,2024-09-07,online
2402,818,2,400,2025-08-10,cash
2403,818,2,400,2024-09-19,transfer
2404,818,4,300,2025-08-20,online
2405,819,1,200,2025-07-21,cash
2406,819,1,200,2025-06-04,cash
2407,819,5,150,2025-04-25,cash
2408,819,1,200,2025-07-24,cash
2409,819,3,500,2024-10-08,transfer
2410,820,2,400,2025-06-14,cash
2411,821,5,150,2025-01-12,cash
2412,821,2,400,2025-01-23,online
2413,821,1,200,2024-11-08,online
2414,821,3,500,2025-01-26,online
2415,821,2,400,2025-03-04,transfer
2416,822,2,400,2024-12-11,cash
2417,822,4,300,2025-01-21,cash
2418,822,2,400,2025-03-13,online
2419,822,2,400,2025-08-26,online
2420,823,2,400,2025-02-06,cash
2421,823,1,200,2025-02-19,online
2422,823,5,150,2024-10-26,online
2423,823,1,200,2025-03-24,cash
2424,823,2,400,2025-04-03,cash
2425,824,1,200,2024-11-14,cash
2426,824,3,500,2024-10-10,transfer
2427,824,5,150,2024-11-05,online
2428,824,1,200,2024-12-21,transfer
2429,824,2,400,2025-01-11,cash
2430,825,4,300,2024-09-18,online
2431,825,3,500,2024-10-02,online
2432,825,1,200,2025-08-05,cash
2433,825,4,300,2024-11-02,cash
2434,825,4,300,2024-08-29,cash
2435,826,1,200,2025-01-13,online
2436,826,3,500,2024-10-01,online
2437,826,4,300,2025-04-02,transfer
2438,826,1,200,2025-06-26,online
2439,826,2,400,2025-06-19,online
2440,827,1,200,2025-01-28,cash
2441,827,1,200,2025-07-11,online
2442,828,1,200,2024-10-01,cash
2443,828,5,150,2025-03-27,transfer
2444,828,4,300,2025-05-14,online
2445,828,4,300,2024-11-16,transfer
2446,829,4,300,2025-03-24,transfer
2447,829,2,400,2024-11-13,cash
2448,829,3,500,2025-05-21,online
2449,830,4,300,2025-05-29,transfer
2450,830,3,500,2025-06-21,online
2451,830,4,300,2024-12-22,online
2452,830,5,150,2024-11-13,online
2453,831,3,500,2024-10-26,transfer
2454,831,1,200,2024-09-07,cash
2455,832,2,400,2025-02-18,online
2456,832,5,150,2025-08-08,online
2457,832,4,300,2024-10-15,cash
2458,832,4,300,2025-03-26,cash
2459,832,1,200,2024-10-09,transfer
2460,833,4,300,2024-09-19,online
2461,833,2,400,2024-12-06,online
2462,834,1,200,2024-10-20,cash
2463,835,3,500,2025-02-06,transfer
2464,835,4,300,2025-03-13,cash
2465,835,2,400,2025-05-23,cash
2466,836,1,200,2025-07-06,online
2467,836,3,500,2024-12-08,transfer
2468,836,5,150,2025-05-01,transfer
2469,836,4,300,2025-02-12,transfer
2470,837,3,500,2025-07-10,cash
2471,837,3,500,2024-10-06,online
2472,837,3,500,2025-07-15,transfer
2473,837,4,300,2025-05-18,transfer
2474,838,4,300,2025-08-20,transfer
2475,838,4,300,2025-05-03,online
2476,839,4,300,2024-11-12,cash
2477,839,3,500,2025-03-08,cash
2478,839,5,150,2025-04-13,online
2479,840,5,150,2025-03-06,online
2480,840,4,300,2025-06-17,cash
2481,840,3,500,2025-02-14,online
2482,841,1,200,2025-04-02,cash
2483,841,1,200,2025-01-30,cash
2484,841,1,200,2024-10-24,transfer
2485,842,5,150,2024-11-26,online
2486,843,3,500,2025-01-06,online
2487,843,1,200,2025-01-11,cash
2488,843,4,300,2025-04-11,transfer
2489,843,1,200,2025-02-04,cash
2490,844,3,500,2025-06-13,cash
2491,845,5,150,2024-11-25,cash
2492,845,2,400,2025-05-09,cash
2493,845,2,400,2025-08-04,cash
2494,845,2,400,2025-05-20,transfer
2495,846,3,500,2025-03-24,online
2496,846,1,200,2024-09-30,transfer
2497,846,2,400,2024-09-10,cash
2498,846,1,200,2025-08-29,online
2499,846,2,400,2024-12-05,transfer
2500,847,3,500,2025-07-31,cash
2501,847,2,400,2025-08-24,cash
2502,848,5,150,2025-02-10,online
2503,848,4,300,2024-10-02,transfer
2504,848,1,200,2025-02-18,transfer
2505,848,1,200,2024-09-17,cash
2506,849,3,500,2024-12-08,cash
2507,850,1,200,2024-12-25,transfer
2508,851,3,500,2024-11-29,cash
2509,852,4,300,2025-06-30,cash
2510,852,4,300,2025-05-16,cash
2511,852,2,400,2025-06-13,cash
2512,852,2,400,2025-01-06,cash
2513,853,2,400,2025-03-05,cash
2514,853,3,500,2025-06-09,online
2515,853,2,400,2024-08-29,transfer
2516,854,5,150,2025-07-21,cash
2517,854,5,150,2025-06-11,online
2518,854,2,400,2024-09-01,transfer
2519,855,5,150,2025-07-19,online
2520,855,1,200,2024-12-16,online
2521,855,4,300,2025-04-13,transfer
2522,855,5,150,2024-12-23,transfer
2523,855,2,400,2025-06-10,cash
2524,856,4,300,2024-09-27,online
2525,856,2,400,2024-09-21,transfer
2526,856,5,150,2025-04-23,online
2527,856,2,400,2025-08-21,cash
2528,856,4,300,2025-05-15,transfer
2529,857,3,500,2024-09-19,cash
2530,857,1,200,2025-07-01,transfer
2531,858,5,150,2025-02-22,online
2532,858,4,300,2024-11-10,transfer
2533,858,4,300,2024-11-16,online
2534,858,2,400,2025-01-26,cash
2535,858,5,150,2025-06-18,transfer
2536,859,1,200,2025-07-18,online
2537,860,3,500,2024-12-22,online
2538,861,2,400,2024-12-04,transfer
2539,861,5,150,2025-08-03,cash
2540,861,4,300,2024-11-19,online
2541,861,5,150,2025-08-14,transfer
2542,862,3,500,2025-07-02,transfer
2543,863,2,400,2025-07-22,online
2544,863,5,150,2025-04-02,transfer
2545,864,2,400,2025-02-03,online
2546,864,1,200,2025-05-12,cash
2547,864,2,400,2025-07-22,cash
2548,864,1,200,2024-12-04,online
2549,864,3,500,2025-06-08,transfer
2550,865,4,300,2025-02-17,transfer
2551,865,3,500,2025-04-17,cash
2552,865,4,300,2025-07-09,online
2553,865,2,400,2025-02-10,online
2554,865,1,200,2025-03-02,transfer
2555,866,2,400,2024-11-29,transfer
2556,867,5,150,2025-04-30,cash
2557,867,1,200,2024-12-05,online
2558,867,5,150,2025-02-02,cash
2559,867,4,300,2025-02-08,online
2560,868,2,400,2024-10-15,transfer
2561,868,1,200,2025-05-11,online
2562,868,1,200,2024-11-15,cash
2563,868,2,400,2024-09-24,cash
2564,869,1,200,2025-01-04,transfer
2565,870,5,150,2025-07-17,cash
2566,870,5,150,2024-10-09,cash
2567,870,2,400,2025-06-07,transfer
2568,870,3,500,2025-06-17,cash
2569,870,3,500,2025-05-22,transfer
2570,871,1,200,2025-07-25,transfer
2571,871,4,300,2025-08-07,online
2572,871,5,150,2025-01-22,transfer
2573,871,1,200,2024-12-16,transfer
2574,872,1,200,2024-12-11,cash
2575,872,5,150,2025-05-10,online
2576,872,3,500,2025-02-03,cash
2577,873,4,300,2025-04-04,transfer
2578,873,4,300,2025-04-09,transfer
2579,873,3,500,2024-09-07,online
2580,874,3,500,2024-09-29,transfer
2581,874,3,500,2025-08-28,online
2582,875,5,150,2025-04-10,online
2583,875,2,400,2024-12-09,transfer
2584,876,3,500,2025-04-17,transfer
2585,877,3,500,2025-08-04,cash
2586,877,5,150,2025-04-07,cash
2587,877,2,400,2024-10-21,online
2588,877,3,500,2024-09-28,online
2589,877,4,300,2024-11-30,transfer
2590,878,2,400,2025-05-22,transfer
2591,878,2,400,2025-05-08,online
2592,878,2,400,2024-12-03,online
2593,878,3,500,2025-03-13,transfer
2594,878,1,200,2024-08-30,transfer
2595,879,4,300,2024-12-14,cash
2596,879,4,300,2024-10-27,transfer
2597,879,4,300,2025-03-19,cash
2598,879,5,150,2024-11-29,cash
2599,879,4,300,2025-01-15,transfer
2600,880,4,300,2024-10-19,cash
2601,880,4,300,2025-05-08,cash
2602,880,3,500,2025-06-09,cash
2603,880,5,150,2025-07-17,transfer
2604,880,1,200,2024-11-16,cash
2605,881,1,200,2025-07-29,online
2606,882,2,400,2024-10-31,cash
2607,882,2,400,2025-05-19,cash
2608,882,5,150,2024-10-01,online
2609,882,3,500,2024-12-21,online
2610,882,4,300,2025-08-04,online
2611,883,3,500,2025-07-13,cash
2612,883,1,200,2024-09-03,transfer
2613,883,1,200,2025-08-06,online
2614,883,2,400,2024-09-27,transfer
2615,884,3,500,2025-04-16,cash
2616,884,3,500,2024-10-29,transfer
2617,884,1,200,2025-05-28,online
2618,885,2,400,2025-01-09,transfer
2619,885,1,200,2024-12-05,transfer
2620,885,4,300,2025-02-15,cash
2621,886,5,150,2025-05-02,cash
2622,886,3,500,2025-04-24,transfer
2623,887,4,300,2025-08-22,transfer
2624,887,2,400,2025-04-10,cash
2625,887,5,150,2025-08-21,cash
2626,887,1,200,2025-04-22,cash
2627,888,4,300,2025-01-21,cash
2628,888,3,500,2024-10-08,transfer
2629,888,4,300,2025-02-19,transfer
2630,889,4,300,2024-09-28,online
2631,889,2,400,2024-11-14,online
2632,889,2,400,2025-05-05,transfer
2633,889,4,300,2024-08-30,transfer
2634,890,5,150,2025-03-15,cash
2635,890,4,300,2024-11-07,cash
2636,890,4,300,2024-12-09,cash
2637,890,3,500,2025-02-06,transfer
2638,891,4,300,2025-01-27,cash
2639,891,1,200,2025-06-17,online
2640,892,2,400,2025-05-21,online
2641,892,4,300,2025-01-30,cash
2642,892,4,300,2025-07-02,transfer
2643,892,3,500,2024-12-30,online
2644,892,2,400,2025-05-30,cash
2645,893,3,500,2025-04-13,transfer
2646,893,3,500,2025-08-01,transfer
2647,894,2,400,2025-05-10,cash
2648,894,5,150,2025-02-14,cash
2649,895,1,200,2024-11-06,online
2650,895,2,400,2025-06-05,cash
2651,895,5,150,2024-11-05,online
2652,895,4,300,2025-05-31,transfer
2653,896,3,500,2025-05-15,cash
2654,896,1,200,2025-04-12,cash
2655,896,4,300,2024-10-04,cash
2656,896,4,300,2025-05-05,online
2657,897,3,500,2025-03-16,transfer
2658,897,3,500,2025-02-03,transfer
2659,898,4,300,2025-07-05,online
2660,898,4,300,2025-01-21,cash
2661,898,2,400,2024-08-29,cash
2662,898,2,400,2024-09-18,transfer
2663,899,2,400,2024-09-07,transfer
2664,899,3,500,2024-12-11,transfer
2665,899,1,200,2025-03-03,transfer
2666,899,4,300,2024-10-22,cash
2667,900,3,500,2025-02-22,cash
2668,900,2,400,2025-05-23,transfer
2669,901,3,500,2025-06-05,online
2670,901,4,300,2025-07-27,transfer
2671,902,4,300,2025-08-17,cash
2672,902,1,200,2025-07-27,transfer
2673,902,5,150,2025-03-21,cash
2674,902,2,400,2025-05-07,transfer
2675,903,5,150,2025-06-27,online
2676,903,5,150,2025-08-10,transfer
2677,903,3,500,2025-08-21,online
2678,903,1,200,2024-12-23,cash
2679,903,3,500,2024-12-13,cash
2680,904,2,400,2025-06-01,cash
2681,904,4,300,2025-05-13,cash
2682,904,1,200,2024-10-19,cash
2683,905,5,150,2024-11-28,online
2684,905,2,400,2025-01-25,online
2685,905,2,400,2025-05-21,online
2686,905,3,500,2025-07-29,online
2687,905,2,400,2024-10-01,online
2688,906,1,200,2025-08-25,cash
2689,907,4,300,2024-10-20,online
2690,907,1,200,2025-03-08,transfer
2691,907,3,500,2024-09-05,cash
2692,907,1,200,2025-04-30,transfer
2693,908,4,300,2024-12-27,transfer
2694,909,1,200,2025-04-06,transfer
2695,909,3,500,2025-01-18,transfer
2696,910,1,200,2025-07-15,cash
2697,910,5,150,2024-12-28,transfer
2698,910,5,150,2025-02-02,cash
2699,911,5,150,2025-06-01,transfer
2700,911,4,300,2025-05-31,online
2701,911,2,400,2025-07-01,cash
2702,912,4,300,2024-08-29,transfer
2703,912,3,500,2024-12-15,cash
2704,912,3,500,2024-09-22,online
2705,912,2,400,2025-03-15,transfer
2706,912,1,200,2024-12-18,online
2707,913,2,400,2024-09-08,cash
2708,913,3,500,2025-07-31,transfer
2709,914,3,500,2024-11-06,online
2710,914,3,500,2024-09-28,transfer
2711,914,2,400,2025-06-28,transfer
2712,914,4,300,2025-02-17,transfer
2713,914,3,500,2024-12-10,cash
2714,915,4,300,2025-01-14,cash
2715,915,3,500,2024-11-10,online
2716,916,5,150,2025-01-13,cash
2717,916,1,200,2024-09-08,cash
2718,916,5,150,2025-02-05,cash
2719,917,2,400,2025-02-23,cash
2720,917,4,300,2025-06-04,cash
2721,917,1,200,2024-09-03,transfer
2722,917,5,150,2025-06-23,online
2723,917,3,500,2024-11-20,transfer
2724,918,2,400,2025-08-24,transfer
2725,918,4,300,2024-12-31,transfer
2726,919,3,500,2025-03-25,transfer
2727,919,2,400,2024-10-07,transfer
2728,920,2,400,2025-01-25,transfer
2729,920,4,300,2025-06-23,cash
2730,920,1,200,2025-03-04,online
2731,920,2,400,2025-03-22,cash
2732,921,4,300,2024-11-17,transfer
2733,921,2,400,2025-07-20,transfer
2734,921,3,500,2025-05-18,cash
2735,921,5,150,2025-08-11,transfer
2736,921,2,400,2025-03-31,cash
2737,922,4,300,2025-03-17,cash
2738,923,4,300,2024-11-23,online
2739,923,4,300,2025-07-18,transfer
2740,923,1,200,2024-12-19,online
2741,924,4,300,2025-06-25,cash
2742,924,3,500,2025-05-07,cash
2743,925,3,500,2025-08-22,transfer
2744,925,4,300,2025-02-22,transfer
2745,925,5,150,2025-03-09,online
2746,925,4,300,2024-09-10,online
2747,925,2,400,2024-12-12,cash
2748,926,1,200,2024-10-27,cash
2749,926,1,200,2024-12-06,cash
2750,926,1,200,2025-08-28,transfer
2751,926,1,200,2024-12-10,transfer
2752,926,4,300,2025-03-18,cash
2753,927,2,400,2025-02-09,cash
2754,927,3,500,2024-10-24,online
2755,927,4,300,2025-05-02,transfer
2756,927,5,150,2025-06-22,online
2757,927,3,500,2024-12-12,transfer
2758,928,1,200,2025-06-28,online
2759,928,3,500,2025-04-17,transfer
2760,928,4,300,2025-04-07,transfer
2761,929,2,400,2025-08-07,cash
2762,930,5,150,2025-06-16,transfer
2763,930,5,150,2024-12-02,transfer
2764,930,1,200,2025-06-22,transfer
2765,930,4,300,2025-03-09,cash
2766,930,4,300,2025-07-07,cash
2767,931,4,300,2025-02-14,transfer
2768,931,4,300,2025-01-20,cash
2769,932,4,300,2025-06-01,cash
2770,932,5,150,2024-09-12,transfer
2771,932,1,200,2024-10-27,cash
2772,932,3,500,2025-05-06,cash
2773,933,2,400,2024-10-26,transfer
2774,933,5,150,2025-08-27,transfer
2775,933,1,200,2025-03-13,online
2776,933,5,150,2024-12-31,cash
2777,933,1,200,2024-12-15,transfer
2778,934,2,400,2024-09-30,cash
2779,934,1,200,2025-01-11,online
2780,935,1,200,2025-03-13,online
2781,935,3,500,2025-02-28,transfer
2782,935,5,150,2024-09-17,cash
2783,935,3,500,2024-12-02,online
2784,936,2,400,2025-07-29,online
2785,936,2,400,2024-11-03,cash
2786,936,3,500,2024-10-07,transfer
2787,936,5,150,2024-10-01,online
2788,936,5,150,2025-02-01,transfer
2789,937,4,300,2024-11-16,cash
2790,937,1,200,2024-09-15,cash
2791,938,4,300,2025-01-13,transfer
2792,938,4,300,2025-08-07,online
2793,938,1,200,2025-01-25,cash
2794,939,4,300,2024-12-22,cash
2795,939,2,400,2025-06-10,cash
2796,939,4,300,2025-02-21,cash
2797,940,2,400,2025-05-18,transfer
2798,940,2,400,2025-03-14,online
2799,940,5,150,2024-11-01,online
2800,941,5,150,2025-01-09,transfer
2801,941,3,500,2025-03-12,transfer
2802,941,3,500,2025-05-15,online
2803,941,5,150,2025-08-11,online
2804,941,3,500,2025-02-05,transfer
2805,942,5,150,2024-12-04,cash
2806,942,4,300,2025-03-19,cash
2807,942,3,500,2025-02-06,cash
2808,942,3,500,2025-08-03,transfer
2809,943,1,200,2025-02-21,transfer
2810,943,4,300,2025-08-22,transfer
2811,943,4,300,2025-05-13,online
2812,944,4,300,2025-05-18,cash
2813,944,4,300,2025-07-09,cash
2814,944,3,500,2025-04-10,cash
2815,944,4,300,2025-05-10,cash
2816,945,5,150,2025-07-31,cash
2817,945,1,200,2025-07-14,transfer
2818,946,4,300,2025-05-16,online
2819,946,2,400,2025-01-09,cash
2820,946,3,500,2025-08-20,transfer
2821,946,1,200,2025-05-02,transfer
2822,947,3,500,2025-04-12,online
2823,947,4,300,2024-12-02,transfer
2824,948,3,500,2024-09-17,transfer
2825,948,5,150,2025-03-17,online
2826,948,2,400,2025-03-23,cash
2827,949,2,400,2024-10-14,transfer
2828,949,4,300,2025-05-15,transfer
2829,949,1,200,2025-05-15,online
2830,949,4,300,2024-11-14,transfer
2831,950,5,150,2024-12-03,cash
2832,950,3,500,2024-10-10,online
2833,950,3,500,2024-11-12,transfer
2834,950,2,400,2025-05-15,cash
2835,950,4,300,2024-12-24,transfer
2836,951,5,150,2025-07-25,transfer
2837,952,1,200,2024-11-23,transfer
2838,952,5,150,2024-09-19,online
2839,952,5,150,2024-11-01,cash
2840,952,4,300,2025-01-19,transfer
2841,952,1,200,2025-08-08,transfer
2842,953,4,300,2024-09-02,cash
2843,953,1,200,2024-10-11,cash
2844,954,4,300,2024-10-01,online
2845,954,1,200,2025-01-11,online
2846,954,2,400,2025-06-12,transfer
2847,954,4,300,2025-04-08,transfer
2848,955,2,400,2025-08-28,transfer
2849,955,3,500,2024-09-02,transfer
2850,955,1,200,2024-10-27,cash
2851,955,4,300,2024-10-12,transfer
2852,955,3,500,2024-12-20,cash
2853,956,3,500,2025-04-02,cash
2854,956,2,400,2025-03-11,cash
2855,956,3,500,2024-12-31,transfer
2856,956,3,500,2025-01-21,cash
2857,956,1,200,2025-05-07,online
2858,957,5,150,2024-09-29,transfer
2859,957,2,400,2025-02-02,cash
2860,957,1,200,2024-10-14,online
2861,957,4,300,2025-07-03,transfer
2862,958,3,500,2024-11-04,online
2863,959,4,300,2024-12-13,cash
2864,959,4,300,2025-06-17,cash
2865,959,4,300,2024-10-27,online
2866,959,3,500,2025-08-12,online
2867,959,5,150,2024-12-24,online
2868,960,2,400,2024-11-11,transfer
2869,960,5,150,2025-05-11,cash
2870,961,2,400,2025-03-13,transfer
2871,961,2,400,2024-09-20,cash
2872,961,3,500,2025-03-11,cash
2873,962,2,400,2025-02-15,cash
2874,963,2,400,2025-04-03,online
2875,963,5,150,2024-12-13,transfer
2876,963,5,150,2025-03-14,transfer
2877,963,5,150,2025-02-14,cash
2878,963,2,400,2024-11-13,online
2879,964,2,400,2025-06-25,online
2880,964,4,300,2025-01-11,online
2881,964,4,300,2025-01-18,cash
2882,964,3,500,2025-05-05,online
2883,965,3,500,2025-05-25,online
2884,966,5,150,2025-04-07,transfer
2885,967,4,300,2025-01-24,transfer
2886,967,5,150,2025-03-04,cash
2887,968,1,200,2024-09-10,transfer
2888,968,5,150,2024-12-16,cash
2889,968,4,300,2025-06-04,cash
2890,968,3,500,2025-01-27,cash
2891,969,4,300,2024-09-09,online
2892,970,2,400,2025-04-11,cash
2893,970,5,150,2025-06-04,transfer
2894,971,2,400,2025-07-27,online
2895,971,1,200,2025-07-09,cash
2896,971,1,200,2025-02-27,cash
2897,971,1,200,2025-03-27,online
2898,971,1,200,2025-03-31,transfer
2899,972,4,300,2025-06-20,online
2900,972,1,200,2024-11-19,cash
2901,973,5,150,2024-11-26,online
2902,974,5,150,2024-11-19,transfer
2903,974,2,400,2025-03-07,cash
2904,974,3,500,2025-06-12,transfer
2905,975,5,150,2025-01-14,cash
2906,975,2,400,2025-03-07,online
2907,976,5,150,2024-11-22,transfer
2908,977,2,400,2025-01-28,cash
2909,978,2,400,2024-11-05,online
2910,978,1,200,2025-08-27,online
2911,978,4,300,2025-01-31,transfer
2912,978,1,200,2025-02-17,transfer
2913,979,5,150,2025-05-31,transfer
2914,979,3,500,2024-11-01,transfer
2915,979,3,500,2025-03-28,cash
2916,979,2,400,2025-02-24,online
2917,979,3,500,2025-08-07,cash
2918,980,2,400,2025-04-22,online
2919,980,1,200,2025-01-05,online
2920,980,1,200,2025-06-09,cash
2921,981,4,300,2025-02-11,transfer
2922,981,3,500,2025-05-01,cash
2923,982,2,400,2025-05-09,transfer
2924,982,3,500,2025-06-16,online
2925,983,4,300,2025-04-13,online
2926,984,2,400,2024-11-01,transfer
2927,984,3,500,2025-06-18,transfer
2928,985,5,150,2025-01-29,transfer
2929,985,5,150,2025-03-05,cash
2930,986,1,200,2025-02-23,cash
2931,986,4,300,2024-12-13,transfer
2932,986,2,400,2024-09-08,transfer
2933,986,5,150,2024-09-27,transfer
2934,987,4,300,2024-12-13,online
2935,987,5,150,2025-06-19,cash
2936,988,4,300,2024-11-12,online
2937,988,3,500,2025-06-02,transfer
2938,989,1,200,2024-11-28,online
2939,990,4,300,2025-04-23,cash
2940,990,2,400,2025-04-23,transfer
2941,990,5,150,2025-01-09,online
2942,990,5,150,2025-01-19,online
2943,991,1,200,2024-11-01,cash
2944,992,3,500,2025-01-04,online
2945,992,1,200,2024-09-15,cash
2946,992,3,500,2025-07-04,transfer
2947,993,3,500,2025-02-02,online
2948,993,5,150,2025-05-27,cash
2949,993,2,400,2025-05-22,online
2950,993,1,200,2025-06-17,transfer
2951,993,1,200,2025-04-15,transfer
2952,994,4,300,2025-01-01,transfer
2953,995,2,400,2024-12-30,online
2954,995,2,400,2024-09-27,transfer
2955,995,2,400,2025-05-19,transfer
2956,995,1,200,2025-03-16,online
2957,995,4,300,2025-03-30,cash
2958,996,2,400,2025-01-18,online
2959,996,4,300,2025-08-12,transfer
2960,996,1,200,2024-12-17,online
2961,996,4,300,2025-07-05,online
2962,996,4,300,2025-08-05,transfer
2963,997,2,400,2025-03-17,online
2964,997,4,300,2025-06-24,cash
2965,998,2,400,2024-09-25,cash
2966,998,4,300,2025-06-14,transfer
2967,998,2,400,2025-02-11,online
2968,998,5,150,2025-05-26,cash
2969,999,1,200,2025-02-14,online
2970,999,3,500,2025-01-02,transfer
2971,1000,5,150,2025-07-05,cash
2972,1000,4,300,2025-07-28,transfer
2973,1000,5,150,2024-11-20,cash
2974,1000,2,400,2025-07-09,online
2975,1000,3,500,2024-10-30,transfer
